Interval0,Rythmic_Value0,Interval1,Rythmic_Value1,Interval2,Rythmic_Value2,Koleda
0,0.5276982,4.0,1.070917,-1.0,0.667383,z_narodzenia_pana
0,1.1640402,-2.0,0.49665713,8.0,0.5432188,z_narodzenia_pana
0,0.93123215,-2.0,1.1950812,0.0,1.6296563,z_narodzenia_pana
0,0.8381089,-4.0,0.49665713,0.0,0.667383,z_narodzenia_pana
0,0.8381089,0.0,1.6141357,-2.0,0.91571164,z_narodzenia_pana
0,0.8381089,-2.0,2.4212036,-1.0,0.93123215,z_narodzenia_pana
0,0.5432188,-1.0,0.5742598,1.0,0.5276982,z_narodzenia_pana
0,0.7760268,1.0,0.94675267,3.0,0.49665713,z_narodzenia_pana
0,0.49665713,2.0,0.8070679,-2.0,1.0864376,z_narodzenia_pana
0,1.3813277,-2.0,2.1883955,-1.0,0.7139446,z_narodzenia_pana
0,0.49665713,-1.0,0.8225884,-2.0,0.49665713,z_narodzenia_pana
0,0.5276982,0.0,1.1640402,-2.0,1.505492,z_narodzenia_pana
0,0.49665713,1.0,0.91571164,7.0,1.7693411,z_narodzenia_pana
0,1.5520536,-1.0,0.7605063,1.0,0.6053009,z_narodzenia_pana
0,0.7139446,-2.0,0.9001911,-1.0,0.9001911,z_narodzenia_pana
0,0.94675267,-1.0,0.94675267,3.0,1.0243553,z_narodzenia_pana
0,1.7538205,0.0,3.010984,-2.0,2.6229706,z_narodzenia_pana
0,1.4278892,-4.0,0.88467056,-1.0,0.5276982,z_narodzenia_pana
0,0.49665713,1.0,0.6208214,8.0,0.72946525,z_narodzenia_pana
0,0.8225884,-2.0,0.9001911,0.0,2.4988062,z_narodzenia_pana
0,1.101958,-1.0,0.91571164,0.0,1.101958,z_narodzenia_pana
0,1.7693411,0.0,1.0553964,-2.0,1.4434098,z_narodzenia_pana
0,0.72946525,0.0,1.536533,-1.0,0.88467056,z_narodzenia_pana
0,1.8935053,7.0,0.72946525,2.0,0.8381089,z_narodzenia_pana
0,0.96227324,0.0,1.0088348,0.0,0.5742598,z_narodzenia_pana
0,0.72946525,-2.0,0.49665713,1.0,0.58978033,z_narodzenia_pana
0,0.5276982,0.0,0.5276982,0.0,0.8381089,z_narodzenia_pana
0,0.72946525,0.0,1.039876,-2.0,0.636342,z_narodzenia_pana
0,0.8070679,-2.0,0.93123215,2.0,1.1950812,z_narodzenia_pana
0,0.49665713,9.0,0.49665713,1.0,0.49665713,z_narodzenia_pana
0,1.3808283,5.0,1.3239706,7.0,0.56857634,medrcy_swiata
0,0.6010664,-5.0,0.6741691,0.0,0.91784465,medrcy_swiata
0,0.51984125,19.0,0.9584573,-7.0,9.2840395,medrcy_swiata
0,1.0396825,3.0,1.1940104,-3.0,5.2877603,medrcy_swiata
0,0.5442088,2.0,1.5838913,0.0,2.1849577,medrcy_swiata
0,1.3889508,-2.0,2.5423484,-1.0,0.7391493,medrcy_swiata
0,0.27616566,1.0,0.25992063,1.0,1.6163813,medrcy_swiata
0,1.6407489,-2.0,1.0721725,-1.0,3.1515374,medrcy_swiata
0,1.3970733,2.0,1.6326264,1.0,0.422371,medrcy_swiata
0,2.282428,-4.0,0.3005332,0.0,2.3717756,medrcy_swiata
0,1.8275669,-3.0,0.5523313,0.0,0.28428817,medrcy_swiata
0,2.842882,-2.0,0.85286456,7.0,1.8925469,medrcy_swiata
0,0.422371,-11.0,0.49547368,0.0,0.4629836,medrcy_swiata
0,0.5766989,-8.0,0.26804313,4.0,0.27616566,medrcy_swiata
0,1.2671131,-7.0,2.0387523,2.0,2.672309,medrcy_swiata
0,0.8203744,-10.0,0.56045383,0.0,0.69041413,medrcy_swiata
0,0.38988093,-3.0,1.0640501,5.0,1.9169146,medrcy_swiata
0,0.3411458,2.0,0.31677827,0.0,0.38175842,medrcy_swiata
0,2.7181299,-5.0,3.565547,3.0,2.07857,bog_sie_rodzi
0,0.511648,1.0,2.382361,9.0,2.0146139,bog_sie_rodzi
0,1.534944,-5.0,1.167197,-6.0,0.543626,bog_sie_rodzi
0,0.511648,-1.0,0.511648,0.0,1.263131,bog_sie_rodzi
0,0.671538,0.0,3.549558,0.0,0.975329,bog_sie_rodzi
0,0.751483,-5.0,1.726812,-2.0,1.662856,bog_sie_rodzi
0,0.511648,-1.0,2.8300529,6.0,0.543626,bog_sie_rodzi
0,0.511648,1.0,0.59159297,0.0,0.543626,bog_sie_rodzi
0,0.511648,-1.0,0.559615,3.0,2.110548,bog_sie_rodzi
0,0.543626,-1.0,1.039285,1.0,0.815439,bog_sie_rodzi
0,0.6273067,17.0,0.77666545,-1.0,0.8065372,polnoc_juz_byla
0,0.64224255,0.0,0.6721143,0.0,0.47794798,polnoc_juz_byla
0,0.95589596,0.0,1.5533309,-2.0,0.5078197,polnoc_juz_byla
0,0.6721143,-11.0,0.95589596,0.0,1.0455112,polnoc_juz_byla
0,0.68705016,1.0,0.64224255,-1.0,3.3307002,polnoc_juz_byla
0,0.70198613,5.0,2.5839062,0.0,4.52557,polnoc_juz_byla
0,1.8669844,1.0,2.0312788,2.0,0.95589596,polnoc_juz_byla
0,0.597435,0.0,1.2844851,0.0,1.4637157,polnoc_juz_byla
0,0.716922,-8.0,1.1500623,12.0,1.2844851,polnoc_juz_byla
0,0.7617296,8.0,0.56756324,-19.0,0.86628073,polnoc_juz_byla
0,0.61237085,-2.0,0.5526273,-1.0,3.465123,polnoc_juz_byla
0,0.7617296,0.0,0.7916013,0.0,4.6749287,polnoc_juz_byla
0,0.4370232,-1.0,0.41131592,3.0,0.41131592,pastoralka_najwiekszych_przyjaciol
0,1.2725086,-2.0,0.5269985,2.0,0.5269985,pastoralka_najwiekszych_przyjaciol
0,0.48843765,0.0,0.47558406,7.0,0.5655594,pastoralka_najwiekszych_przyjaciol
0,0.41131592,0.0,0.41131592,-4.0,0.41131592,pastoralka_najwiekszych_przyjaciol
0,0.4370232,0.0,0.41131592,0.0,1.2468014,pastoralka_najwiekszych_przyjaciol
0,0.83548546,-1.0,0.4370232,2.0,0.41131592,pastoralka_najwiekszych_przyjaciol
0,0.41131592,3.0,0.59126663,-11.0,0.4370232,pastoralka_najwiekszych_przyjaciol
0,0.41131592,0.0,0.41131592,0.0,0.6041203,pastoralka_najwiekszych_przyjaciol
0,0.79692465,-1.0,0.70694923,-1.0,2.4421883,pastoralka_najwiekszych_przyjaciol
0,0.9254609,0.0,1.0154363,0.0,0.681242,pastoralka_najwiekszych_przyjaciol
0,0.7583638,0.0,0.73265654,0.0,0.4370232,pastoralka_najwiekszych_przyjaciol
0,0.83548546,0.0,0.9897289,-5.0,0.61697394,pastoralka_najwiekszych_przyjaciol
0,0.41131592,0.0,2.2493842,-6.0,0.47558406,pastoralka_najwiekszych_przyjaciol
0,2.066253,5.0,0.688751,0.0,1.6445686,do_szopy_hej_pasterze
0,0.67469484,1.0,0.44979653,-1.0,1.293165,do_szopy_hej_pasterze
0,1.3072212,-5.0,0.8855369,8.0,2.1365335,do_szopy_hej_pasterze
0,0.49196497,-2.0,0.8012001,-5.0,2.1084213,do_szopy_hej_pasterze
0,0.7730878,1.0,0.56224567,0.0,0.94176155,do_szopy_hej_pasterze
0,0.84336853,1.0,0.44979653,0.0,0.5200772,do_szopy_hej_pasterze
0,0.47790882,4.0,0.89959306,-1.0,0.47790882,do_szopy_hej_pasterze
0,0.49196497,-1.0,0.7449755,0.0,0.8574247,do_szopy_hej_pasterze
0,0.47790882,8.0,0.47790882,0.0,1.0823228,do_szopy_hej_pasterze
0,0.47790882,3.0,0.5763018,-1.0,1.096379,do_szopy_hej_pasterze
0,0.7028071,0.0,0.6465825,-1.0,0.44979653,do_szopy_hej_pasterze
0,0.59035796,0.0,0.84336853,-1.0,0.47790882,do_szopy_hej_pasterze
0,1.1526036,-5.0,0.47790882,-1.0,0.44979653,do_szopy_hej_pasterze
0,0.688751,-1.0,1.0401545,3.0,0.59035796,do_szopy_hej_pasterze
0,1.2228844,2.0,0.75903165,1.0,1.7570177,do_szopy_hej_pasterze
0,1.8272984,0.0,0.5763018,2.0,1.588344,do_szopy_hej_pasterze
0,0.44979653,-6.0,0.87148076,3.0,0.44979653,do_szopy_hej_pasterze
0,1.78513,0.0,0.56224567,0.0,1.391558,do_szopy_hej_pasterze
0,1.7289053,8.0,0.7871439,0.0,2.2630389,do_szopy_hej_pasterze
0,0.63252634,2.0,1.2791089,-10.0,0.63252634,do_szopy_hej_pasterze
0,0.688751,-1.0,1.6164563,6.0,0.44979653,do_szopy_hej_pasterze
0,0.44979653,0.0,1.981916,0.0,0.7449755,do_szopy_hej_pasterze
0,0.47790882,-3.0,1.9116353,0.0,1.096379,do_szopy_hej_pasterze
0,0.44979653,3.0,1.3634458,8.0,1.3634458,do_szopy_hej_pasterze
0,1.3072212,-4.0,1.0542107,1.0,2.7268915,do_szopy_hej_pasterze
0,0.8574247,5.0,0.6465825,3.0,0.44979653,do_szopy_hej_pasterze
0,1.0120422,-2.0,0.9979861,2.0,0.49196497,do_szopy_hej_pasterze
0,1.377502,-3.0,0.89959306,-3.0,0.49196497,do_szopy_hej_pasterze
0,0.5341334,5.0,0.49196497,-4.0,1.5321195,do_szopy_hej_pasterze
0,1.8694669,5.0,0.81525624,-5.0,1.8272984,do_szopy_hej_pasterze
0,1.61672,0.0,0.49745232,2.0,0.49745232,a_wczora_z_wieczora
0,0.49745232,6.0,1.3058124,-5.0,0.5285431,a_wczora_z_wieczora
0,0.5285431,0.0,0.7928146,0.0,0.49745232,a_wczora_z_wieczora
0,0.49745232,0.0,1.1659038,-2.0,0.85499614,a_wczora_z_wieczora
0,0.85499614,-1.0,0.90163237,-2.0,1.290267,a_wczora_z_wieczora
0,1.290267,0.0,2.0364454,5.0,2.22299,a_wczora_z_wieczora
0,2.22299,4.0,0.49745232,1.0,3.715347,a_wczora_z_wieczora
0,3.715347,-1.0,0.55963385,-1.0,1.01045,a_wczora_z_wieczora
0,1.01045,-1.0,0.63736075,-1.0,0.6529062,a_wczora_z_wieczora
0,0.6529062,1.0,0.5285431,0.0,1.088177,a_wczora_z_wieczora
0,1.088177,-2.0,0.96381384,-3.0,0.49745232,a_wczora_z_wieczora
0,0.49745232,-1.0,0.49745232,3.0,1.61672,a_wczora_z_wieczora
0,1.61672,-1.0,0.49745232,0.0,0.49745232,a_wczora_z_wieczora
0,0.49745232,0.0,0.7928146,0.0,0.49745232,a_wczora_z_wieczora
0,0.49745232,2.0,0.49745232,2.0,1.0726316,a_wczora_z_wieczora
0,1.0726316,5.0,0.5285431,-7.0,1.1503584,a_wczora_z_wieczora
0,1.1503584,-3.0,0.5285431,1.0,0.5285431,a_wczora_z_wieczora
0,0.5285431,-3.0,0.49745232,0.0,0.49745232,a_wczora_z_wieczora
0,0.49745232,2.0,0.90163237,0.0,0.49745232,a_wczora_z_wieczora
0,0.49745232,-2.0,1.21254,2.0,1.5545385,a_wczora_z_wieczora
0,1.5545385,-1.0,0.5285431,1.0,0.49745232,a_wczora_z_wieczora
0,0.49745232,3.0,1.1814492,-2.0,0.5285431,a_wczora_z_wieczora
0,0.5285431,0.0,1.1348131,-1.0,0.9327231,a_wczora_z_wieczora
0,0.9327231,-2.0,0.5285431,-1.0,0.49745232,a_wczora_z_wieczora
0,0.49745232,1.0,1.4457208,0.0,0.7928146,a_wczora_z_wieczora
0,0.7928146,0.0,0.5440885,0.0,0.49745232,a_wczora_z_wieczora
0,0.49745232,-3.0,0.49745232,1.0,3.793074,a_wczora_z_wieczora
0,3.793074,0.0,0.5285431,3.0,0.49745232,a_wczora_z_wieczora
0,0.49745232,1.0,0.49745232,0.0,0.6839969,a_wczora_z_wieczora
0,0.6839969,-1.0,0.5285431,2.0,0.49745232,a_wczora_z_wieczora
0,0.49745232,2.0,1.4768115,0.0,0.99490464,a_wczora_z_wieczora
0,0.99490464,-1.0,0.5751792,-1.0,0.55963385,a_wczora_z_wieczora
0,0.55963385,0.0,1.1659038,-1.0,1.7566285,a_wczora_z_wieczora
0,1.7566285,-2.0,2.82926,-1.0,0.49745232,a_wczora_z_wieczora
0,0.49745232,-1.0,3.761983,1.0,0.886087,a_wczora_z_wieczora
0,0.886087,5.0,0.5285431,1.0,0.5129977,a_wczora_z_wieczora
0,0.5129977,0.0,0.5907246,2.0,0.5440885,a_wczora_z_wieczora
0,0.5440885,2.0,0.49745232,1.0,1.6322654,a_wczora_z_wieczora
0,1.6322654,-2.0,0.49745232,-1.0,1.6322654,a_wczora_z_wieczora
0,1.6322654,0.0,0.5751792,-2.0,2.1141725,a_wczora_z_wieczora
0,2.1141725,0.0,0.49745232,2.0,0.49745232,a_wczora_z_wieczora
0,0.49745232,0.0,0.90163237,-2.0,0.49745232,a_wczora_z_wieczora
0,0.49745232,0.0,0.9482685,0.0,0.5285431,a_wczora_z_wieczora
0,0.5285431,-2.0,0.5440885,0.0,0.5129977,a_wczora_z_wieczora
0,0.5129977,0.0,2.0364454,2.0,0.80836,a_wczora_z_wieczora
0,1.1973709,0.0,0.461637,2.0,2.6111343,oj_maluski_maluski
0,0.461637,1.0,8.280613,0.0,2.9140835,oj_maluski_maluski
0,0.5193416,-1.0,0.47606313,1.0,0.53376776,oj_maluski_maluski
0,1.5003202,0.0,0.9088478,1.0,0.5770463,oj_maluski_maluski
0,1.0386832,-1.0,0.735734,2.0,1.5435988,oj_maluski_maluski
0,0.461637,1.0,0.5770463,-1.0,0.79343855,oj_maluski_maluski
0,0.461637,-1.0,1.110814,0.0,1.4570417,oj_maluski_maluski
0,0.6636031,0.0,1.947531,2.0,0.76458627,oj_maluski_maluski
0,0.53376776,3.0,1.399337,0.0,0.461637,oj_maluski_maluski
0,0.461637,-3.0,0.60589856,3.0,0.60589856,oj_maluski_maluski
0,5.842593,-1.0,0.649177,1.0,0.8799955,oj_maluski_maluski
0,0.8799955,0.0,0.8078647,-1.0,0.461637,oj_maluski_maluski
0,0.9665525,0.0,0.9088478,0.0,0.4904893,oj_maluski_maluski
0,1.2550756,0.0,1.2406493,0.0,0.5914724,oj_maluski_maluski
0,1.1396663,0.0,0.461637,0.0,0.5193416,oj_maluski_maluski
0,0.7213078,0.0,0.6203247,1.0,0.53376776,oj_maluski_maluski
0,0.4904893,-4.0,0.6636031,-3.0,0.461637,oj_maluski_maluski
0,0.461637,2.0,1.846548,0.0,0.461637,oj_maluski_maluski
0,0.64203864,-5.0,0.5591949,-12.0,0.79737055,lulajze_jezuniu
0,0.4349294,12.0,0.35208574,-9.0,0.36244118,lulajze_jezuniu
0,1.6775849,17.0,0.7455933,-16.0,0.4349294,lulajze_jezuniu
0,1.2219446,2.0,0.3313748,2.0,0.9941244,lulajze_jezuniu
0,0.5177731,-4.0,1.5533193,0.0,0.5591949,lulajze_jezuniu
0,0.3831521,1.0,0.3313748,1.0,0.4659958,lulajze_jezuniu
0,0.4970622,-4.0,0.35208574,0.0,0.9837689,lulajze_jezuniu
0,0.693816,-5.0,1.34621,3.0,0.4349294,lulajze_jezuniu
0,0.3313748,5.0,0.63168323,-7.0,0.3313748,lulajze_jezuniu
0,0.37279665,-7.0,0.9009252,0.0,0.3831521,lulajze_jezuniu
0,1.3151437,-1.0,0.9009252,1.0,0.35208574,lulajze_jezuniu
0,4.297517,-2.0,0.83879244,7.0,0.7663042,lulajze_jezuniu
0,0.3313748,-1.0,0.9941244,3.0,0.8802143,lulajze_jezuniu
0,0.8077261,-2.0,0.37279665,0.0,0.3313748,lulajze_jezuniu
0,0.5591949,-7.0,2.0710924,4.0,2.2057135,lulajze_jezuniu
0,1.4704757,-5.0,0.35208574,9.0,0.3831521,lulajze_jezuniu
0,0.6006168,3.0,0.35208574,1.0,1.3772765,lulajze_jezuniu
0,1.3565656,5.0,0.9941244,-2.0,0.95270246,lulajze_jezuniu
0,0.30353662,-4.0,0.3122091,8.0,0.5984008,gdy_sliczna_panna
0,0.5984008,-1.0,0.40760636,-6.0,0.52902097,gdy_sliczna_panna
0,0.52902097,7.0,0.5463659,-12.0,0.29486415,gdy_sliczna_panna
0,0.29486415,1.0,0.346899,-1.0,0.4509687,gdy_sliczna_panna
0,0.4509687,3.0,2.029359,2.0,0.99733466,gdy_sliczna_panna
0,0.99733466,-2.0,0.29486415,4.0,1.2488364,gdy_sliczna_panna
0,1.2488364,-2.0,0.2775192,3.0,2.064049,gdy_sliczna_panna
0,2.064049,2.0,1.1968015,3.0,1.5350281,gdy_sliczna_panna
0,1.5350281,-1.0,1.1881291,-2.0,1.0580419,gdy_sliczna_panna
0,1.0580419,0.0,3.286868,-2.0,0.3122091,gdy_sliczna_panna
0,0.3122091,-8.0,0.29486415,2.0,0.4856586,gdy_sliczna_panna
0,0.4856586,1.0,1.6217529,1.0,0.35557148,gdy_sliczna_panna
0,0.35557148,-8.0,0.43362376,9.0,0.2775192,gdy_sliczna_panna
0,0.2775192,2.0,0.6851255,1.0,4.145443,gdy_sliczna_panna
0,4.145443,2.0,1.1447667,1.0,0.43362376,gdy_sliczna_panna
0,0.43362376,2.0,0.9713172,-1.0,1.1621118,gdy_sliczna_panna
0,1.1621118,-7.0,0.82388514,5.0,0.2775192,gdy_sliczna_panna
0,0.2775192,0.0,3.0700562,-2.0,0.6244182,gdy_sliczna_panna
0,0.6244182,4.0,1.3789235,-2.0,1.769185,gdy_sliczna_panna
0,1.769185,2.0,1.0840595,-3.0,0.2775192,gdy_sliczna_panna
0,0.2775192,-1.0,1.2748538,2.0,4.787206,gdy_sliczna_panna
0,4.787206,-7.0,0.29486415,0.0,0.39026135,gdy_sliczna_panna
0,0.39026135,4.0,1.2835263,2.0,0.2775192,gdy_sliczna_panna
0,0.2775192,1.0,0.9019374,-2.0,1.0580419,gdy_sliczna_panna
0,1.0580419,-3.0,0.5897283,-2.0,0.44229624,gdy_sliczna_panna
0,0.44229624,-5.0,0.32955405,14.0,1.2488364,gdy_sliczna_panna
0,1.2488364,-2.0,1.6911327,2.0,1.0840595,gdy_sliczna_panna
0,1.0840595,-3.0,0.2775192,-1.0,1.1794566,gdy_sliczna_panna
0,1.1794566,-1.0,0.2775192,6.0,3.980666,gdy_sliczna_panna
0,3.980666,-1.0,1.5003382,3.0,1.3615786,gdy_sliczna_panna
0,1.3615786,-2.0,0.60707325,-1.0,0.5897283,gdy_sliczna_panna
0,0.5897283,-2.0,0.71114296,-2.0,0.9019374,gdy_sliczna_panna
0,0.9019374,2.0,2.8358994,-2.0,0.6504356,gdy_sliczna_panna
0,0.6504356,-4.0,0.29486415,-1.0,0.96264476,gdy_sliczna_panna
0,0.96264476,-3.0,0.33822653,5.0,0.99733466,gdy_sliczna_panna
0,0.99733466,2.0,1.1447667,1.0,4.3102202,gdy_sliczna_panna
0,4.3102202,2.0,1.6911327,2.0,0.2775192,gdy_sliczna_panna
0,0.2775192,1.0,0.6504356,0.0,0.40760636,gdy_sliczna_panna
0,0.40760636,-1.0,1.0667144,-8.0,0.29486415,gdy_sliczna_panna
0,0.29486415,1.0,0.53769344,0.0,0.6504356,gdy_sliczna_panna
0,0.6504356,5.0,2.792537,0.0,0.32955405,gdy_sliczna_panna
0,0.32955405,-10.0,0.3122091,3.0,2.445638,gdy_sliczna_panna
0,2.445638,-7.0,1.0580419,11.0,1.3268887,gdy_sliczna_panna
0,1.3268887,1.0,2.3328958,2.0,1.1014043,gdy_sliczna_panna
0,1.1014043,3.0,0.9019374,0.0,0.346899,gdy_sliczna_panna
0,0.9057587,2.0,0.46660298,0.0,1.4684271,mosci_gospodarzu
0,0.93320596,-1.0,0.57639194,1.0,0.7547989,mosci_gospodarzu
0,1.5644923,1.0,1.6331104,-5.0,0.9057587,mosci_gospodarzu
0,0.9743768,-4.0,0.43915573,-1.0,2.072266,mosci_gospodarzu
0,2.8133416,15.0,0.7410753,-17.0,0.5352211,mosci_gospodarzu
0,0.87831146,0.0,0.5352211,2.0,0.46660298,mosci_gospodarzu
0,0.46660298,2.0,4.1994267,-4.0,0.43915573,mosci_gospodarzu
0,1.0841658,-2.0,0.5214974,5.0,0.46660298,mosci_gospodarzu
0,1.8526883,4.0,0.46660298,-2.0,1.3174673,mosci_gospodarzu
0,0.46660298,1.0,0.6312863,-2.0,0.8371406,mosci_gospodarzu
0,0.8371406,0.0,0.43915573,1.0,1.93503,mosci_gospodarzu
0,0.5077738,-2.0,1.2900201,-2.0,0.8371406,mosci_gospodarzu
0,0.72735167,-16.0,0.46660298,1.0,0.85086423,mosci_gospodarzu
0,2.2506733,0.0,0.5489447,0.0,1.0567185,mosci_gospodarzu
0,0.4940502,-1.0,0.6175627,1.0,0.43915573,mosci_gospodarzu
0,0.43915573,0.0,0.43915573,2.0,1.0567185,mosci_gospodarzu
0,1.3174673,9.0,0.5214974,-16.0,3.7877183,mosci_gospodarzu
0,0.6038391,2.0,0.91948235,-2.0,0.5352211,mosci_gospodarzu
0,1.4891899,-2.0,2.9150097,-1.0,0.5386431,podzmy_wszyscy_do_stajenki
0,1.2198682,-5.0,1.6000868,15.0,1.3466078,podzmy_wszyscy_do_stajenki
0,1.6634568,6.0,0.9663891,3.0,0.61785537,podzmy_wszyscy_do_stajenki
0,0.998074,0.0,0.90301937,1.0,0.8079647,podzmy_wszyscy_do_stajenki
0,0.93470424,-2.0,1.2515532,0.0,0.8871769,podzmy_wszyscy_do_stajenki
0,1.0139165,1.0,0.8079647,3.0,0.76043737,podzmy_wszyscy_do_stajenki
0,0.69706756,1.0,2.281312,1.0,0.69706756,podzmy_wszyscy_do_stajenki
0,0.6020129,0.0,0.93470424,0.0,0.61785537,podzmy_wszyscy_do_stajenki
0,0.8079647,-16.0,0.74459493,14.0,0.6812251,podzmy_wszyscy_do_stajenki
0,0.9663891,-9.0,0.5386431,4.0,0.5386431,podzmy_wszyscy_do_stajenki
0,3.120962,0.0,0.74459493,7.0,0.5386431,podzmy_wszyscy_do_stajenki
0,0.9663891,-2.0,0.87133443,-1.0,1.0139165,podzmy_wszyscy_do_stajenki
0,1.7901963,0.0,0.50695825,2.0,0.6812251,podzmy_wszyscy_do_stajenki
0,0.6812251,0.0,0.90301937,2.0,0.8871769,podzmy_wszyscy_do_stajenki
0,2.709058,-13.0,0.79212224,17.0,0.71291,podzmy_wszyscy_do_stajenki
0,0.5386431,0.0,0.50695825,-1.0,0.50695825,podzmy_wszyscy_do_stajenki
0,1.4733474,0.0,0.8238071,4.0,1.1564984,podzmy_wszyscy_do_stajenki
0,0.5386431,-10.0,1.3624502,-2.0,0.8079647,podzmy_wszyscy_do_stajenki
0,1.1778215,22.0,0.90735877,-1.0,0.50602704,aniol_pasterzom_mowi
0,0.81138813,2.0,0.57582384,-2.0,1.718747,aniol_pasterzom_mowi
0,0.49730244,2.0,1.0469525,0.0,2.3643677,aniol_pasterzom_mowi
0,1.0993,-2.0,0.96843106,-3.0,0.29663655,aniol_pasterzom_mowi
0,0.55837464,0.0,0.5322008,0.0,0.49730244,aniol_pasterzom_mowi
0,0.418781,5.0,3.0099883,0.0,0.4100564,aniol_pasterzom_mowi
0,0.29663655,0.0,0.92480797,-2.0,0.28791192,aniol_pasterzom_mowi
0,1.8408914,-1.0,1.9281374,1.0,0.27918732,aniol_pasterzom_mowi
0,0.34025955,0.0,0.4100564,-12.0,0.90735877,aniol_pasterzom_mowi
0,0.94225717,0.0,1.718747,0.0,0.35770875,aniol_pasterzom_mowi
0,0.29663655,1.0,3.3938708,-2.0,3.4985662,aniol_pasterzom_mowi
0,2.1724265,0.0,0.55837464,-2.0,0.29663655,aniol_pasterzom_mowi
0,0.47112858,-3.0,0.29663655,4.0,0.29663655,aniol_pasterzom_mowi
0,2.9140177,-2.0,1.2825168,0.0,1.9455867,aniol_pasterzom_mowi
0,1.0207787,0.0,0.74159133,0.0,0.96843106,aniol_pasterzom_mowi
0,1.0382278,-9.0,0.70669293,2.0,0.5322008,aniol_pasterzom_mowi
0,0.27918732,1.0,1.1778215,-3.0,1.7536454,aniol_pasterzom_mowi
0,0.36643335,0.0,2.2073247,1.0,0.6194469,aniol_pasterzom_mowi
0,0.5670992,0.0,1.9717605,0.0,1.3697628,aniol_pasterzom_mowi
0,0.89863425,2.0,1.7972685,0.0,0.84628654,aniol_pasterzom_mowi
0,0.27918732,2.0,0.6281715,0.0,0.28791192,aniol_pasterzom_mowi
0,0.4275056,0.0,0.5845485,-8.0,0.50602704,aniol_pasterzom_mowi
0,0.6979683,2.0,0.77648973,-2.0,0.29663655,aniol_pasterzom_mowi
0,0.8766259,-2.0,0.5623638,1.0,1.042027,aniol_pasterzom_mowil
0,1.0089468,13.0,0.81046546,-6.0,0.99240667,aniol_pasterzom_mowil
0,0.5292835,-2.0,0.5292835,-3.0,0.5292835,aniol_pasterzom_mowil
0,0.72776484,11.0,0.5623638,2.0,1.5547705,aniol_pasterzom_mowil
0,0.77738523,2.0,1.025487,-1.0,0.5623638,aniol_pasterzom_mowil
0,0.5292835,5.0,1.3728292,0.0,0.5292835,aniol_pasterzom_mowil
0,1.1081874,-10.0,2.4644766,20.0,0.81046546,aniol_pasterzom_mowil
0,1.4886099,-10.0,1.9517331,-2.0,0.72776484,aniol_pasterzom_mowil
0,0.6946847,1.0,1.7367117,-3.0,0.6285242,aniol_pasterzom_mowil
0,2.2990754,-3.0,0.74430496,0.0,0.9593265,aniol_pasterzom_mowil
0,0.5623638,-5.0,0.5292835,-2.0,0.66160446,aniol_pasterzom_mowil
0,1.9517331,8.0,0.61198413,-24.0,0.8600858,aniol_pasterzom_mowil
0,0.66160446,2.0,1.7367117,2.0,0.6781446,aniol_pasterzom_mowil
0,1.2239683,0.0,0.76084507,0.0,0.5623638,aniol_pasterzom_mowil
0,0.64506435,0.0,1.190888,-1.0,0.90970606,aniol_pasterzom_mowil
0,1.2735885,-3.0,0.5292835,1.0,0.82700557,aniol_pasterzom_mowil
0,0.71122473,1.0,1.1743479,0.0,0.54582363,aniol_pasterzom_mowil
0,0.5623638,-2.0,0.5292835,-1.0,0.5292835,aniol_pasterzom_mowil
0,0.5292835,0.0,1.4555297,0.0,0.97586656,aniol_pasterzom_mowil
0,0.8766259,0.0,1.2405083,1.0,0.5623638,aniol_pasterzom_mowil
0,1.4224495,0.0,0.97586656,-2.0,2.9110594,aniol_pasterzom_mowil
0,1.7201716,0.0,0.76084507,1.0,1.5382303,aniol_pasterzom_mowil
0,0.8766259,-14.0,0.9427864,9.0,2.0178936,aniol_pasterzom_mowil
0,2.2634957,0.0,2.3078778,0.0,0.86545426,medrcy_swiata
0,0.75449854,2.0,0.71011627,1.0,1.0651745,medrcy_swiata
0,0.71011627,-1.0,0.71011627,-5.0,1.2648947,medrcy_swiata
0,0.71011627,1.0,0.7766897,0.0,1.5977616,medrcy_swiata
0,0.9098365,-4.0,1.4646147,2.0,0.95421875,medrcy_swiata
0,0.88764536,-2.0,1.3092769,4.0,0.75449854,medrcy_swiata
0,0.71011627,0.0,0.84326303,-3.0,1.2205123,medrcy_swiata
0,0.75449854,1.0,1.2870858,1.0,0.71011627,medrcy_swiata
0,0.86545426,-3.0,0.75449854,1.0,0.97640985,medrcy_swiata
0,6.237144,12.0,0.57573634,0.0,0.9869766,gdy_sliczna_panna
0,0.5071963,4.0,0.5209043,-1.0,0.43865627,gdy_sliczna_panna
0,0.6854004,0.0,4.2357745,0.0,3.125426,gdy_sliczna_panna
0,1.1651807,12.0,0.4660723,2.0,1.4530488,gdy_sliczna_panna
0,0.75394046,2.0,1.0006846,4.0,0.4660723,gdy_sliczna_panna
0,0.4660723,1.0,0.58944434,1.0,0.57573634,gdy_sliczna_panna
0,1.0281006,1.0,1.1240567,0.0,4.6607227,gdy_sliczna_panna
0,0.43865627,3.0,0.75394046,1.0,3.495542,gdy_sliczna_panna
0,0.86360455,1.0,0.43865627,-1.0,1.1240567,gdy_sliczna_panna
0,1.2611368,0.0,0.43865627,-1.0,0.43865627,gdy_sliczna_panna
0,0.43865627,1.0,0.8361885,0.0,0.43865627,gdy_sliczna_panna
0,1.2063047,1.0,0.4660723,2.0,0.43865627,gdy_sliczna_panna
0,1.6968876,-1.0,0.74927515,1.0,1.2561377,do_szopy_hej_pasterze
0,1.6087377,-1.0,0.6390876,-2.0,0.7382564,do_szopy_hej_pasterze
0,1.4544752,2.0,0.6941813,-13.0,0.5068625,do_szopy_hej_pasterze
0,0.35260004,1.0,1.2451189,0.0,2.1376376,do_szopy_hej_pasterze
0,2.0935628,-1.0,0.35260004,1.0,0.5729751,do_szopy_hej_pasterze
0,0.51788133,0.0,1.201044,16.0,0.4297313,do_szopy_hej_pasterze
0,3.107288,-1.0,0.37463757,3.0,0.68316257,do_szopy_hej_pasterze
0,1.8952252,7.0,1.4434564,7.0,0.4297313,do_szopy_hej_pasterze
0,1.553644,-1.0,0.4297313,1.0,1.0247439,do_szopy_hej_pasterze
0,0.35260004,1.0,0.56195635,-2.0,0.45176882,do_szopy_hej_pasterze
0,2.0054128,0.0,0.6611251,0.0,0.48482504,do_szopy_hej_pasterze
0,1.1679876,-13.0,0.37463757,1.0,1.7630002,do_szopy_hej_pasterze
0,0.37463757,-1.0,0.6611251,-2.0,0.4738063,do_szopy_hej_pasterze
0,0.44075006,8.0,0.37463757,6.0,1.7630002,do_szopy_hej_pasterze
0,1.5867002,9.0,0.4958438,-9.0,0.8925189,do_szopy_hej_pasterze
0,0.82640636,0.0,0.4958438,-2.0,0.8484438,do_szopy_hej_pasterze
0,0.90353763,1.0,1.2671564,-2.0,0.37463757,do_szopy_hej_pasterze
0,0.35260004,-4.0,0.35260004,0.0,2.0054128,do_szopy_hej_pasterze
0,0.35260004,1.0,0.35260004,-2.0,1.0798377,do_szopy_hej_pasterze
0,0.62806886,1.0,2.4571817,0.0,0.45176882,do_szopy_hej_pasterze
0,1.5316064,-2.0,0.35260004,6.0,0.35260004,do_szopy_hej_pasterze
0,1.9172628,1.0,1.0908563,-2.0,0.74927515,do_szopy_hej_pasterze
0,0.39667505,1.0,1.0798377,-1.0,0.44075006,do_szopy_hej_pasterze
0,0.45817497,0.0,0.7950683,1.0,2.3043506,mizerna_cicha
0,0.45817497,4.0,0.43122348,0.0,0.52555364,mizerna_cicha
0,0.53902936,0.0,0.7276896,0.0,0.80854404,mizerna_cicha
0,0.4446992,0.0,0.56598085,0.0,0.9972043,mizerna_cicha
0,0.43122348,1.0,0.52555364,0.0,2.0213602,mizerna_cicha
0,0.43122348,1.0,0.43122348,0.0,0.86244696,mizerna_cicha
0,0.48512644,-1.0,1.0241557,0.0,0.49860215,mizerna_cicha
0,0.48512644,10.0,1.0780587,0.0,1.0241557,mizerna_cicha
0,0.6872624,2.0,0.9837286,3.0,0.91634995,mizerna_cicha
0,0.7007382,9.0,0.86244696,1.0,0.82201976,mizerna_cicha
0,0.660311,0.0,0.6872624,0.0,0.9433014,mizerna_cicha
0,0.43122348,-12.0,0.4446992,13.0,0.91634995,mizerna_cicha
0,0.6198837,0.0,0.45817497,-1.0,0.52555364,mizerna_cicha
0,0.4716507,-17.0,0.45817497,-1.0,0.5525051,mizerna_cicha
0,0.7950683,-8.0,0.82201976,6.0,0.45817497,mizerna_cicha
0,1.5092821,-1.0,0.53902936,1.0,1.1589131,mizerna_cicha
0,0.9972043,0.0,0.660311,3.0,0.45817497,mizerna_cicha
0,0.43122348,1.0,6.252741,0.0,0.8893984,mizerna_cicha
0,0.45817497,5.0,2.5469136,-1.0,0.43122348,mizerna_cicha
0,0.606408,-4.0,1.4419036,2.0,0.43122348,mizerna_cicha
0,0.5525051,-7.0,0.45817497,5.0,0.4716507,mizerna_cicha
0,1.5227579,3.0,0.45817497,0.0,0.45817497,mizerna_cicha
0,0.45817497,0.0,1.0511073,-7.0,2.1561174,mizerna_cicha
0,1.2748066,-1.0,1.5963794,-2.0,3.1583047,jezus_malusienki
0,3.1583047,-1.0,0.6431456,0.0,0.9762032,jezus_malusienki
0,0.9762032,1.0,0.9072948,0.0,0.47087452,jezus_malusienki
0,0.47087452,2.0,3.009003,1.0,1.0680811,jezus_malusienki
0,1.0680811,0.0,0.49384397,-1.0,1.4241083,jezus_malusienki
0,1.4241083,-2.0,3.043457,-1.0,1.4011388,jezus_malusienki
0,1.4011388,1.0,1.5389558,2.0,3.089396,jezus_malusienki
0,3.089396,-11.0,1.0565964,-1.0,0.44790503,jezus_malusienki
0,0.44790503,-2.0,1.7801353,0.0,0.9762032,jezus_malusienki
0,0.9762032,-1.0,1.6308336,1.0,0.8383863,jezus_malusienki
0,0.8383863,2.0,0.91877955,0.0,1.4470778,jezus_malusienki
0,1.4470778,-7.0,0.5053287,0.0,0.3675118,jezus_malusienki
0,0.3675118,0.0,0.41345078,0.0,0.7924474,jezus_malusienki
0,0.7924474,7.0,0.39048132,1.0,0.9647185,jezus_malusienki
0,0.9647185,-3.0,0.3675118,-5.0,0.6775999,jezus_malusienki
0,0.6775999,5.0,1.4241083,-1.0,1.2288677,jezus_malusienki
0,1.2288677,1.0,1.2977761,2.0,2.7218845,jezus_malusienki
0,2.7218845,-9.0,0.47087452,1.0,0.39048132,jezus_malusienki
0,0.39048132,1.0,0.5742372,0.0,0.39048132,jezus_malusienki
0,0.39048132,1.0,0.39048132,0.0,3.2501826,jezus_malusienki
0,3.2501826,-1.0,0.5627525,-6.0,0.3675118,jezus_malusienki
0,0.3675118,-3.0,0.42493552,0.0,0.55126774,jezus_malusienki
0,0.55126774,14.0,1.0106574,-7.0,0.39048132,jezus_malusienki
0,0.39048132,1.0,0.40196604,5.0,0.5627525,jezus_malusienki
0,0.5627525,-2.0,0.39048132,-1.0,0.47087452,jezus_malusienki
0,0.47087452,-2.0,0.39048132,2.0,0.40196604,jezus_malusienki
0,0.40196604,0.0,0.66611516,0.0,3.8473892,jezus_malusienki
0,3.8473892,-11.0,0.9647185,1.0,0.58572197,jezus_malusienki
0,0.58572197,12.0,0.60869145,0.0,1.0106574,jezus_malusienki
0,1.0106574,0.0,1.3666846,0.0,0.3675118,jezus_malusienki
0,0.3675118,0.0,0.7350236,2.0,0.9762032,jezus_malusienki
0,0.9762032,-7.0,0.5053287,2.0,0.41345078,jezus_malusienki
0,0.41345078,0.0,0.539783,-1.0,0.55126774,jezus_malusienki
0,0.55126774,9.0,0.66611516,-12.0,1.7112269,jezus_malusienki
0,1.7112269,9.0,0.39048132,1.0,0.3675118,jezus_malusienki
0,0.3675118,-1.0,1.9983455,-1.0,0.8154168,jezus_malusienki
0,0.8154168,0.0,0.539783,1.0,1.435593,jezus_malusienki
0,1.435593,2.0,2.9400945,0.0,0.39048132,jezus_malusienki
0,0.39048132,0.0,1.0565964,-2.0,0.39048132,jezus_malusienki
0,0.39048132,2.0,1.3092608,-14.0,0.9302643,jezus_malusienki
0,0.9302643,12.0,2.3084335,-5.0,0.3675118,jezus_malusienki
0,0.3675118,4.0,1.2173829,1.0,0.9762032,jezus_malusienki
0,0.9762032,2.0,0.49384397,0.0,1.9064676,jezus_malusienki
0,1.9064676,0.0,1.4930167,0.0,0.7579931,jezus_malusienki
0,0.7579931,-7.0,0.39048132,0.0,0.43642026,jezus_malusienki
0,2.363229,19.0,1.8685997,-5.0,0.6228666,hej_w_dzien_narodzenia
0,1.5938056,1.0,1.0991763,2.0,3.0410542,hej_w_dzien_narodzenia
0,0.6595057,-2.0,0.73278415,-2.0,0.6228666,hej_w_dzien_narodzenia
0,1.0625371,1.0,1.2090938,5.0,0.6228666,hej_w_dzien_narodzenia
0,0.6595057,-2.0,0.5862273,0.0,1.1907742,hej_w_dzien_narodzenia
0,1.5022075,-2.0,0.9526194,5.0,0.8060625,hej_w_dzien_narodzenia
0,2.8028994,0.0,0.5862273,1.0,0.5862273,hej_w_dzien_narodzenia
0,0.67782533,-1.0,0.6228666,-4.0,1.0808567,hej_w_dzien_narodzenia
0,1.0075781,4.0,0.6228666,-1.0,0.67782533,hej_w_dzien_narodzenia
0,0.75110376,-2.0,0.75110376,-2.0,1.1358154,hej_w_dzien_narodzenia
0,0.8610214,1.0,1.0258977,-1.0,0.67782533,hej_w_dzien_narodzenia
0,0.6045469,-1.0,1.1907742,0.0,0.8976606,hej_w_dzien_narodzenia
0,0.5862273,3.0,0.5862273,-5.0,0.9342998,hej_w_dzien_narodzenia
0,0.8610214,1.0,0.5862273,-1.0,0.787743,hej_w_dzien_narodzenia
0,0.5862273,-1.0,0.5862273,1.0,1.0258977,hej_w_dzien_narodzenia
0,1.1174959,-3.0,1.1724546,4.0,0.6411861,hej_w_dzien_narodzenia
0,0.5862273,-1.0,0.5862273,-7.0,1.3739703,hej_w_dzien_narodzenia
0,1.0442175,2.0,0.75110376,0.0,0.5862273,hej_w_dzien_narodzenia
0,0.970939,-7.0,2.2533112,0.0,1.5571663,hej_w_dzien_narodzenia
0,1.0625371,-1.0,0.5862273,1.0,0.8060625,hej_w_dzien_narodzenia
0,0.6228666,0.0,2.0701153,0.0,0.5862273,hej_w_dzien_narodzenia
0,0.5862273,-2.0,0.6045469,-2.0,0.9526194,hej_w_dzien_narodzenia
0,1.3190114,4.0,1.0625371,4.0,0.71446455,hej_w_dzien_narodzenia
0,1.0442175,-3.0,1.0258977,-4.0,0.6228666,hej_w_dzien_narodzenia
0,1.3922899,1.0,1.0258977,2.0,0.69614494,hej_w_dzien_narodzenia
0,2.5464249,2.0,0.6045469,-2.0,0.8610214,hej_w_dzien_narodzenia
0,0.6228666,-1.0,0.67782533,-1.0,0.5862273,hej_w_dzien_narodzenia
0,1.0625371,2.0,0.6595057,1.0,0.787743,hej_w_dzien_narodzenia
0,0.5862273,-3.0,0.5862273,1.0,0.8060625,hej_w_dzien_narodzenia
0,0.8610214,1.0,0.8060625,0.0,0.8976606,hej_w_dzien_narodzenia
0,0.6817551,0.0,0.6622764,9.0,1.7725632,koleda_dla_nieobecnych
0,0.6233189,3.0,1.7141271,1.0,0.6817551,koleda_dla_nieobecnych
0,1.4803824,0.0,0.6233189,1.0,1.5193399,koleda_dla_nieobecnych
0,0.6622764,3.0,5.181339,-2.0,0.6622764,koleda_dla_nieobecnych
0,0.6817551,-1.0,0.7012338,-1.0,0.64279765,koleda_dla_nieobecnych
0,0.64279765,0.0,2.5127544,2.0,1.4998611,koleda_dla_nieobecnych
0,0.9349784,0.0,1.0713294,0.0,2.1816163,koleda_dla_nieobecnych
0,0.9839965,3.0,0.9839965,10.0,0.57135284,skrzypi_woz
0,0.84115833,-12.0,0.80941653,4.0,0.99986744,skrzypi_woz
0,0.5078692,2.0,0.8570292,-14.0,2.1267023,skrzypi_woz
0,0.714191,-1.0,2.9519897,-8.0,0.5078692,skrzypi_woz
0,0.53961104,9.0,0.53961104,-3.0,1.3648984,skrzypi_woz
0,0.6824492,4.0,0.53961104,-10.0,0.5078692,skrzypi_woz
0,0.53961104,-6.0,3.935986,-2.0,1.444253,skrzypi_woz
0,1.2855439,5.0,1.1268348,-2.0,2.0632186,skrzypi_woz
0,1.2538021,-8.0,1.3807694,5.0,0.53961104,skrzypi_woz
0,1.3014147,-1.0,0.9839965,-9.0,0.6983201,skrzypi_woz
0,0.5078692,0.0,0.6348365,3.0,0.53961104,skrzypi_woz
0,0.53961104,4.0,0.80941653,-3.0,0.5078692,skrzypi_woz
0,0.8729001,2.0,0.5078692,2.0,0.53961104,skrzypi_woz
0,0.5554819,-8.0,0.65070736,0.0,0.7459329,skrzypi_woz
0,1.0792221,5.0,1.5394784,1.0,0.5872237,skrzypi_woz
0,3.586826,-10.0,0.7935456,19.0,0.96812564,skrzypi_woz
0,2.1108313,3.0,0.7300619,-3.0,0.53961104,skrzypi_woz
0,0.6983201,-4.0,0.6665783,0.0,2.1108313,skrzypi_woz
0,0.5078692,-1.0,0.6983201,2.0,1.3490275,skrzypi_woz
0,0.5078692,-1.0,0.6348365,0.0,1.2855439,skrzypi_woz
0,0.5078692,1.0,0.6348365,-11.0,0.57135284,skrzypi_woz
0,1.3331566,1.0,0.96812564,6.0,0.80941653,skrzypi_woz
0,1.8410258,5.0,0.5078692,0.0,1.1427057,skrzypi_woz
0,0.5078692,-2.0,1.6981876,1.0,0.61896557,skrzypi_woz
0,2.4123785,-1.0,0.5078692,6.0,0.65070736,skrzypi_woz
0,0.5078692,0.0,3.3170207,0.0,1.0157384,skrzypi_woz
0,1.4918658,4.0,0.5078692,-1.0,0.6983201,skrzypi_woz
0,0.60309464,-1.0,0.53961104,0.0,0.5554819,skrzypi_woz
0,0.5078692,1.0,0.6348365,3.0,1.4918658,skrzypi_woz
0,1.0474801,0.0,0.7618038,2.0,1.428382,skrzypi_woz
0,0.25769448,0.0,3.5062068,-5.0,0.47634438,bracia_patrzcie_jeno
0,0.64814067,0.0,1.1088672,5.0,3.1079516,bracia_patrzcie_jeno
0,3.4281175,-7.0,1.6008295,-8.0,0.78089243,bracia_patrzcie_jeno
0,0.78089243,-6.0,1.5695938,-1.0,0.49977112,bracia_patrzcie_jeno
0,1.0698225,-13.0,0.4529176,4.0,2.0927918,bracia_patrzcie_jeno
0,0.28112125,-5.0,2.2802057,-5.0,1.4446509,bracia_patrzcie_jeno
0,0.46853545,-7.0,0.33578372,0.0,4.20901,bracia_patrzcie_jeno
0,1.5305492,1.0,1.4524598,0.0,0.24988556,bracia_patrzcie_jeno
0,1.1557207,0.0,0.6871853,7.0,0.7965102,bracia_patrzcie_jeno
0,0.74184775,1.0,0.44510868,3.0,0.26550344,bracia_patrzcie_jeno
0,1.7648168,0.0,4.224628,-5.0,3.1235697,bracia_patrzcie_jeno
0,0.4919622,9.0,0.28112125,-2.0,1.2416189,bracia_patrzcie_jeno
0,0.28112125,0.0,0.44510868,-2.0,0.42168188,bracia_patrzcie_jeno
0,0.24988556,1.0,0.77308345,0.0,0.6247139,bracia_patrzcie_jeno
0,1.9990845,0.0,1.3587528,-4.0,0.27331233,bracia_patrzcie_jeno
0,0.24988556,-2.0,0.36701944,0.0,0.25769448,bracia_patrzcie_jeno
0,0.27331233,0.0,0.24988556,0.0,0.54662466,bracia_patrzcie_jeno
0,0.44510868,-7.0,0.31235695,12.0,0.64033175,bracia_patrzcie_jeno
0,0.26550344,-7.0,0.9448798,1.0,0.30454805,bracia_patrzcie_jeno
0,0.37482837,0.0,0.7965102,-4.0,0.6325228,bracia_patrzcie_jeno
0,0.32016587,0.0,5.8801203,0.0,0.31235695,bracia_patrzcie_jeno
0,0.51538897,3.0,1.9131864,0.0,1.0307779,bracia_patrzcie_jeno
0,0.24988556,-1.0,1.6633009,0.0,0.33578372,bracia_patrzcie_jeno
0,0.27331233,2.0,1.0463959,-1.0,0.3279748,bracia_patrzcie_jeno
0,2.241161,-1.0,0.26550344,1.0,0.5310069,bracia_patrzcie_jeno
0,0.3279748,0.0,0.28893018,1.0,0.24988556,bracia_patrzcie_jeno
0,1.0463959,1.0,0.26550344,-1.0,0.95268875,bracia_patrzcie_jeno
0,0.9839244,0.0,1.8194792,14.0,0.30454805,bracia_patrzcie_jeno
0,0.42168188,-4.0,0.26550344,2.0,0.6247139,bracia_patrzcie_jeno
0,0.5544336,0.0,0.32016587,-2.0,0.44510868,bracia_patrzcie_jeno
0,2.321672,-4.0,0.8325996,-6.0,0.91265726,nowy_rok_biezy
0,0.54439205,-16.0,1.7452568,17.0,0.97670335,nowy_rok_biezy
0,0.91265726,9.0,1.328957,1.0,0.512369,nowy_rok_biezy
0,0.784565,9.0,1.7452568,-15.0,1.2969339,nowy_rok_biezy
0,1.9854298,0.0,0.68849576,9.0,0.6244497,nowy_rok_biezy
0,0.89664567,-14.0,1.0087264,12.0,0.57641506,nowy_rok_biezy
0,0.54439205,2.0,0.52838045,5.0,1.36098,nowy_rok_biezy
0,1.1848532,0.0,1.2969339,3.0,0.7205188,nowy_rok_biezy
0,0.54439205,4.0,1.1368186,0.0,0.512369,nowy_rok_biezy
0,0.784565,1.0,2.9941561,-1.0,0.54439205,nowy_rok_biezy
0,0.512369,0.0,1.5851414,-1.0,0.512369,nowy_rok_biezy
0,1.7132337,-1.0,0.52838045,0.0,1.0087264,nowy_rok_biezy
0,1.2008647,3.0,2.0174527,0.0,0.5604036,nowy_rok_biezy
0,0.73653036,0.0,0.5924266,2.0,3.6986635,nowy_rok_biezy
0,1.9373951,0.0,0.9446803,3.0,0.512369,nowy_rok_biezy
0,0.6929125,2.0,0.91261643,6.0,0.6591119,a_wczora_z_wieczora
0,0.7943144,5.0,0.5746104,5.0,0.54080975,a_wczora_z_wieczora
0,0.5746104,-6.0,1.2168219,8.0,0.828115,a_wczora_z_wieczora
0,0.92951673,10.0,0.6591119,1.0,3.768768,a_wczora_z_wieczora
0,0.5746104,1.0,0.62531126,-1.0,1.605529,a_wczora_z_wieczora
0,0.997118,-2.0,0.7267131,2.0,0.7098128,a_wczora_z_wieczora
0,0.55771005,-1.0,0.64221156,0.0,0.828115,a_wczora_z_wieczora
0,0.6591119,2.0,0.7267131,-2.0,0.7943144,a_wczora_z_wieczora
0,0.64221156,6.0,1.436526,1.0,0.92951673,a_wczora_z_wieczora
0,0.6040693,6.0,0.71145946,-12.0,0.92623967,dzisiaj_w_betlejem
0,0.48325548,1.0,0.5235268,-7.0,4.3492994,dzisiaj_w_betlejem
0,1.2886813,1.0,0.510103,-28.0,1.865903,dzisiaj_w_betlejem
0,0.45640796,1.0,0.42956042,0.0,0.42956042,dzisiaj_w_betlejem
0,0.5369505,0.0,0.42956042,0.0,0.6846119,dzisiaj_w_betlejem
0,0.8993921,2.0,0.42956042,0.0,0.81884956,dzisiaj_w_betlejem
0,0.42956042,0.0,0.510103,1.0,0.42956042,dzisiaj_w_betlejem
0,0.45640796,-1.0,0.85912085,0.0,0.6174931,dzisiaj_w_betlejem
0,0.45640796,-4.0,1.8927505,1.0,0.6711882,dzisiaj_w_betlejem
0,0.6577644,-2.0,0.99335843,0.0,1.9195981,dzisiaj_w_betlejem
0,2.7250237,0.0,0.45640796,-1.0,0.42956042,dzisiaj_w_betlejem
0,1.0873249,0.0,0.42956042,-2.0,0.76515454,dzisiaj_w_betlejem
0,0.45640796,1.0,1.0336298,0.0,3.1008892,dzisiaj_w_betlejem
0,0.7785783,1.0,0.42956042,-1.0,0.42956042,dzisiaj_w_betlejem
0,1.0336298,-2.0,0.6309169,0.0,0.8859683,dzisiaj_w_betlejem
0,0.49667922,2.0,1.302105,2.0,0.8725446,dzisiaj_w_betlejem
0,0.42956042,0.0,0.42956042,0.0,1.3960713,dzisiaj_w_betlejem
0,1.865903,0.0,0.55037427,0.0,0.42956042,dzisiaj_w_betlejem
0,0.45640796,0.0,0.7248832,-2.0,0.9799347,dzisiaj_w_betlejem
0,1.9598694,-2.0,1.2886813,-1.0,1.4766139,dzisiaj_w_betlejem
0,0.55037427,0.0,0.42956042,0.0,0.96651095,dzisiaj_w_betlejem
0,3.4767547,0.0,1.1947149,0.0,0.792002,dzisiaj_w_betlejem
0,0.9530872,-3.0,0.42956042,1.0,0.7248832,dzisiaj_w_betlejem
0,0.5876434,1.0,0.74228644,-8.0,0.8041436,przybiezeli_do_betlejem
0,1.1907511,0.0,0.55671483,1.0,0.927858,przybiezeli_do_betlejem
0,0.5257862,-2.0,0.5103219,-7.0,0.6649649,przybiezeli_do_betlejem
0,0.74228644,2.0,0.7113578,0.0,0.4948576,przybiezeli_do_betlejem
0,0.5412505,-2.0,0.9742509,0.0,1.3608583,przybiezeli_do_betlejem
0,0.88146514,3.0,0.5257862,2.0,1.0361081,przybiezeli_do_betlejem
0,1.2216797,0.0,0.5257862,1.0,0.5721791,przybiezeli_do_betlejem
0,0.4948576,0.0,0.5412505,-1.0,0.4948576,przybiezeli_do_betlejem
0,0.55671483,-9.0,0.5257862,-3.0,0.7886793,przybiezeli_do_betlejem
0,0.4948576,1.0,1.855716,-2.0,1.4072514,przybiezeli_do_betlejem
0,0.9742509,-2.0,1.3453941,0.0,0.72682214,przybiezeli_do_betlejem
0,1.6701443,-2.0,0.618572,0.0,0.4948576,przybiezeli_do_betlejem
0,0.4948576,1.0,0.85053647,0.0,0.5103219,przybiezeli_do_betlejem
0,1.4227155,-13.0,0.5257862,1.0,0.618572,przybiezeli_do_betlejem
0,0.5103219,-1.0,1.0206438,2.0,0.55671483,przybiezeli_do_betlejem
0,0.6340363,0.0,0.4948576,8.0,0.4948576,przybiezeli_do_betlejem
0,0.83507216,7.0,0.4948576,3.0,0.4948576,przybiezeli_do_betlejem
0,0.88146514,0.0,1.4536443,-5.0,1.3608583,przybiezeli_do_betlejem
0,0.5876434,10.0,0.7886793,-14.0,0.55671483,przybiezeli_do_betlejem
0,0.9897152,5.0,0.9742509,-2.0,0.85053647,przybiezeli_do_betlejem
0,0.74228644,-10.0,2.0412877,-3.0,0.75775075,przybiezeli_do_betlejem
0,0.7886793,-14.0,0.89692944,11.0,0.69589347,przybiezeli_do_betlejem
0,0.72682214,-4.0,1.2216797,1.0,0.5257862,przybiezeli_do_betlejem
0,2.9864507,-2.0,2.2805624,3.0,2.1176653,gdy_sie_chrystus_rodzi
0,0.47511718,0.0,0.8552109,2.0,0.6923136,gdy_sie_chrystus_rodzi
0,0.46154243,0.0,1.9819174,17.0,1.2081552,gdy_sie_chrystus_rodzi
0,0.9773839,-1.0,1.153856,8.0,1.1810056,gdy_sie_chrystus_rodzi
0,1.4525012,2.0,1.2217299,3.0,1.0181082,gdy_sie_chrystus_rodzi
0,2.606357,5.0,2.0090668,0.0,0.61086494,gdy_sie_chrystus_rodzi
0,0.43439284,-7.0,0.46154243,2.0,0.5022667,gdy_sie_chrystus_rodzi
0,0.46154243,2.0,0.43439284,1.0,0.6244397,gdy_sie_chrystus_rodzi
0,0.6244397,1.0,2.0769408,0.0,1.6696974,gdy_sie_chrystus_rodzi
0,0.6244397,3.0,0.5022667,0.0,0.71946317,gdy_sie_chrystus_rodzi
0,1.153856,2.0,0.43439284,-9.0,0.61086494,gdy_sie_chrystus_rodzi
0,0.47511718,3.0,1.3982021,-2.0,0.43439284,gdy_sie_chrystus_rodzi
0,0.5837154,2.0,0.43439284,1.0,0.43439284,gdy_sie_chrystus_rodzi
0,1.3303281,-4.0,0.63801455,2.0,0.5701406,gdy_sie_chrystus_rodzi
0,1.0588326,-7.0,0.46154243,2.0,0.43439284,gdy_sie_chrystus_rodzi
0,0.5158415,1.0,1.0859821,-5.0,0.8416361,gdy_sie_chrystus_rodzi
0,0.7330379,-2.0,1.2488794,9.0,0.48869196,gdy_sie_chrystus_rodzi
0,0.43439284,-1.0,0.80091184,-6.0,0.43439284,gdy_sie_chrystus_rodzi
0,2.1981375,7.0,0.59813267,-3.0,0.47850612,przybiezeli_do_betlejem
0,1.5401917,6.0,0.5084128,-1.0,0.6728992,przybiezeli_do_betlejem
0,1.1214987,0.0,1.375705,2.0,1.0467322,przybiezeli_do_betlejem
0,0.7327125,3.0,0.5084128,-2.0,0.5084128,przybiezeli_do_betlejem
0,0.5383194,0.0,0.5383194,-11.0,0.8672924,przybiezeli_do_betlejem
0,0.5084128,-1.0,1.3009386,3.0,0.5084128,przybiezeli_do_betlejem
0,0.47850612,3.0,0.5084128,-2.0,0.70280594,przybiezeli_do_betlejem
0,1.420565,0.0,0.5084128,-1.0,0.6429926,przybiezeli_do_betlejem
0,0.6429926,-7.0,0.9121523,6.0,0.5084128,przybiezeli_do_betlejem
0,0.5084128,-1.0,0.5084128,1.0,0.47850612,przybiezeli_do_betlejem
0,0.47850612,2.0,0.9271056,0.0,0.47850612,przybiezeli_do_betlejem
0,0.5233661,2.0,1.5850515,1.0,1.0018723,przybiezeli_do_betlejem
0,0.8672924,-12.0,0.5383194,4.0,0.5084128,przybiezeli_do_betlejem
0,0.47850612,0.0,1.6897248,-2.0,0.76261914,przybiezeli_do_betlejem
0,0.897199,0.0,2.0635576,-3.0,0.5084128,przybiezeli_do_betlejem
0,1.0817262,2.0,0.7298394,3.0,0.5604124,w_zlobie_lezy
0,0.6646752,2.0,0.6646752,2.0,0.5604124,w_zlobie_lezy
0,0.45614964,-5.0,1.0165621,-13.0,0.7428723,w_zlobie_lezy
0,0.52131385,1.0,0.88623357,-1.0,0.41705108,w_zlobie_lezy
0,1.1729561,0.0,0.7559051,2.0,1.0165621,w_zlobie_lezy
0,1.3814816,2.0,0.6907408,-1.0,0.6516423,w_zlobie_lezy
0,1.4857446,1.0,1.1077919,0.0,0.8210693,w_zlobie_lezy
0,1.6812372,-1.0,1.2902517,-2.0,1.1077919,w_zlobie_lezy
0,2.1764853,0.0,0.46918246,5.0,0.58647805,w_zlobie_lezy
0,0.41705108,0.0,0.41705108,-1.0,0.41705108,w_zlobie_lezy
0,1.0426277,-1.0,2.0722225,1.0,0.41705108,w_zlobie_lezy
0,0.44311678,0.0,0.9774635,0.0,0.6125438,w_zlobie_lezy
0,1.69427,-1.0,3.818624,-2.0,2.2416496,w_zlobie_lezy
0,3.401573,-5.0,0.5995109,5.0,1.7203357,w_zlobie_lezy
0,0.46918246,0.0,0.48221532,0.0,0.46918246,w_zlobie_lezy
0,0.7559051,-2.0,0.6516423,-3.0,3.8707554,w_zlobie_lezy
0,0.63860947,-2.0,3.2451787,0.0,0.6646752,w_zlobie_lezy
0,0.6255767,-2.0,0.7428723,-1.0,0.5995109,w_zlobie_lezy
0,0.5192612,4.0,0.8094365,2.0,0.4887164,dalej_dalej_pedza_sanie
0,0.4887164,3.0,0.87052613,-2.0,0.4887164,dalej_dalej_pedza_sanie
0,0.946888,-6.0,0.5192612,3.0,0.5192612,dalej_dalej_pedza_sanie
0,0.5192612,1.0,2.2297685,4.0,0.5192612,dalej_dalej_pedza_sanie
0,0.6108955,-2.0,1.1301566,-3.0,0.5192612,dalej_dalej_pedza_sanie
0,0.76361936,2.0,0.77889174,0.0,0.9010709,dalej_dalej_pedza_sanie
0,0.50398874,0.0,1.5425111,9.0,0.7941641,dalej_dalej_pedza_sanie
0,0.7330746,-5.0,0.7330746,2.0,1.5272387,dalej_dalej_pedza_sanie
0,1.8021418,16.0,2.4283097,-11.0,2.015955,dalej_dalej_pedza_sanie
0,0.5192612,2.0,2.168679,0.0,0.4887164,dalej_dalej_pedza_sanie
0,0.4887164,2.0,0.9621604,-2.0,0.9010709,dalej_dalej_pedza_sanie
0,3.7264626,-9.0,0.5192612,1.0,1.3745148,dalej_dalej_pedza_sanie
0,0.4887164,-1.0,0.93161565,0.0,0.54980594,dalej_dalej_pedza_sanie
0,0.6261679,0.0,1.1148843,0.0,0.4887164,dalej_dalej_pedza_sanie
0,0.65671265,0.0,1.1607014,0.0,0.54980594,dalej_dalej_pedza_sanie
0,0.4887164,2.0,0.77889174,-1.0,0.5192612,dalej_dalej_pedza_sanie
0,1.4661492,14.0,1.1759738,2.0,1.3592426,dalej_dalej_pedza_sanie
0,0.8094365,-1.0,0.7941641,-2.0,1.0690671,dalej_dalej_pedza_sanie
0,1.5577835,0.0,0.7178022,-2.0,0.6872574,dalej_dalej_pedza_sanie
0,0.7025298,-1.0,0.6261679,2.0,2.168679,dalej_dalej_pedza_sanie
0,0.5192612,5.0,2.290858,0.0,1.3439701,dalej_dalej_pedza_sanie
0,0.53453356,1.0,0.4887164,2.0,0.50398874,dalej_dalej_pedza_sanie
0,2.4588544,-1.0,1.0537947,1.0,0.6414403,dalej_dalej_pedza_sanie
0,0.9121911,0.0,0.73844045,12.0,0.8253157,do_szopy_hej_pasterze
0,0.71672153,1.0,0.9121911,2.0,1.715788,do_szopy_hej_pasterze
0,0.73844045,0.0,0.8035969,-2.0,0.69500273,do_szopy_hej_pasterze
0,1.3900055,0.0,0.7818781,2.0,2.0850084,do_szopy_hej_pasterze
0,1.1293794,-3.0,0.8035969,1.0,0.69500273,do_szopy_hej_pasterze
0,0.69500273,0.0,0.71672153,1.0,0.71672153,do_szopy_hej_pasterze
0,1.3900055,1.0,0.8253157,-1.0,0.69500273,do_szopy_hej_pasterze
0,0.84703463,-1.0,0.69500273,1.0,0.76015925,do_szopy_hej_pasterze
0,1.585475,0.0,0.76015925,0.0,0.69500273,do_szopy_hej_pasterze
0,0.69500273,1.0,0.8035969,0.0,1.3465677,do_szopy_hej_pasterze
0,1.1459743,11.0,0.59035045,2.0,0.5556239,jezusa_narodzonego
0,0.9202521,0.0,1.614782,-1.0,0.60771364,jezusa_narodzonego
0,1.1807009,0.0,0.64244014,3.0,1.0591581,jezusa_narodzonego
0,0.79870933,4.0,1.0417949,3.0,0.79870933,jezusa_narodzonego
0,1.1459743,-9.0,0.74661964,1.0,0.81607264,jezusa_narodzonego
0,0.7292564,-17.0,0.59035045,0.0,0.76398283,jezusa_narodzonego
0,0.88552564,2.0,0.6598034,0.0,0.74661964,jezusa_narodzonego
0,1.2501538,1.0,1.2327906,0.0,1.4411495,jezusa_narodzonego
0,2.7954829,2.0,1.1459743,0.0,3.628919,jezusa_narodzonego
0,0.76528645,0.0,0.81120366,0.0,1.6224073,bog_sie_rodzi
0,0.48978332,-7.0,0.55100626,-2.0,3.0305343,bog_sie_rodzi
0,0.76528645,0.0,1.2856812,6.0,0.5203948,bog_sie_rodzi
0,0.48978332,0.0,3.1223688,-1.0,0.55100626,bog_sie_rodzi
0,0.48978332,-1.0,0.55100626,0.0,1.2397641,bog_sie_rodzi
0,0.70406353,5.0,0.5203948,-7.0,0.50508904,bog_sie_rodzi
0,0.76528645,-11.0,0.5816177,2.0,0.55100626,bog_sie_rodzi
0,0.6581463,0.0,0.5816177,0.0,1.7907703,bog_sie_rodzi
0,3.612152,-5.0,0.9948724,7.0,0.5357005,bog_sie_rodzi
0,1.4693501,12.0,0.5816177,2.0,0.903038,bog_sie_rodzi
0,0.5816177,-1.0,0.48978332,-1.0,1.7142416,bog_sie_rodzi
0,0.48978332,0.0,0.50508904,-8.0,0.5203948,bog_sie_rodzi
0,0.47440663,2.0,2.441799,-12.0,0.8650944,gdy_sliczna_panna
0,0.7534693,-3.0,0.72556305,1.0,0.8790476,gdy_sliczna_panna
0,0.5023129,12.0,0.82323503,7.0,0.51626605,gdy_sliczna_panna
0,0.53021914,-5.0,0.9069538,0.0,0.6418442,gdy_sliczna_panna
0,0.8790476,7.0,0.89300066,0.0,1.1581103,gdy_sliczna_panna
0,0.9348601,1.0,0.76742244,2.0,1.4511261,gdy_sliczna_panna
0,2.0650642,2.0,1.3115948,5.0,1.1581103,gdy_sliczna_panna
0,1.3395011,2.0,1.2836884,2.0,1.6604232,gdy_sliczna_panna
0,0.6557974,5.0,0.46045348,0.0,0.8511413,gdy_sliczna_panna
0,1.0883446,-1.0,0.44650033,0.0,1.1720634,gdy_sliczna_panna
0,1.2139229,-1.0,0.47440663,1.0,0.8511413,gdy_sliczna_panna
0,0.47440663,-5.0,0.68370366,3.0,0.47440663,gdy_sliczna_panna
0,0.8790476,-4.0,1.9394858,0.0,0.44650033,gdy_sliczna_panna
0,0.9627664,6.0,0.47440663,-4.0,0.613938,gdy_sliczna_panna
0,0.7813756,4.0,1.1022978,-3.0,2.7069082,gdy_sliczna_panna
0,0.97132385,1.0,2.349977,-1.0,0.9399908,wsrod_nocnej_ciszy
0,0.84599173,2.0,1.190655,0.0,0.5013284,wsrod_nocnej_ciszy
0,2.6006413,-2.0,0.6266606,2.0,1.5823178,wsrod_nocnej_ciszy
0,1.190655,0.0,5.091617,-5.0,0.5326615,wsrod_nocnej_ciszy
0,0.5326615,-1.0,0.5013284,1.0,1.2063215,wsrod_nocnej_ciszy
0,0.56399447,-6.0,0.87732476,18.0,1.613651,wsrod_nocnej_ciszy
0,1.0183234,-2.0,0.98699033,-1.0,1.190655,wsrod_nocnej_ciszy
0,0.5013284,1.0,0.61099404,1.0,0.5013284,wsrod_nocnej_ciszy
0,0.5326615,7.0,0.5013284,1.0,0.61099404,wsrod_nocnej_ciszy
0,0.5326615,3.0,0.5013284,1.0,1.1436555,wsrod_nocnej_ciszy
0,0.8930562,7.0,0.68114454,-5.0,0.5146426,dzisiaj_w_betlejem
0,1.5287911,-12.0,0.68114454,12.0,1.4682449,dzisiaj_w_betlejem
0,0.48436946,1.0,0.83251,0.0,0.6357349,dzisiaj_w_betlejem
0,0.9233293,9.0,0.9536024,1.0,0.5146426,dzisiaj_w_betlejem
0,0.999012,19.0,2.2250724,-13.0,0.5449157,dzisiaj_w_betlejem
0,0.8022369,11.0,0.5146426,6.0,1.3471526,dzisiaj_w_betlejem
0,1.9374778,9.0,0.5903253,-1.0,0.6205984,dzisiaj_w_betlejem
0,0.5146426,1.0,1.8617951,5.0,0.7871004,dzisiaj_w_betlejem
0,0.5903253,6.0,1.2563334,-1.0,1.3017429,dzisiaj_w_betlejem
0,0.9536024,-2.0,0.5449157,-4.0,0.48436946,dzisiaj_w_betlejem
0,0.8779197,1.0,0.7568273,-5.0,0.7114177,dzisiaj_w_betlejem
0,0.5903253,-1.0,0.48436946,-1.0,0.499506,dzisiaj_w_betlejem
0,0.65087146,0.0,0.499506,1.0,0.8779197,dzisiaj_w_betlejem
0,0.48436946,1.0,0.74169075,0.0,0.5600522,dzisiaj_w_betlejem
0,1.165514,-2.0,0.65087146,2.0,1.2411968,dzisiaj_w_betlejem
0,0.52977914,2.0,0.98387545,-2.0,2.7245781,dzisiaj_w_betlejem
0,2.2553453,-2.0,0.5146426,1.0,1.2563334,dzisiaj_w_betlejem
0,0.48436946,1.0,0.48436946,0.0,0.57518876,dzisiaj_w_betlejem
0,0.5146426,2.0,1.3471526,-1.0,1.7709758,dzisiaj_w_betlejem
0,0.52977914,2.0,1.2563334,0.0,0.98387545,dzisiaj_w_betlejem
0,0.5449157,-1.0,0.77196383,14.0,1.3168795,dzisiaj_w_betlejem
0,2.4823935,-2.0,1.8163855,-3.0,0.5146426,dzisiaj_w_betlejem
0,0.5146426,0.0,0.9687389,3.0,0.5146426,dzisiaj_w_betlejem
0,0.4640397,-7.0,2.108066,5.0,0.59662247,wesola_nowine
0,2.6118808,-8.0,0.5038145,10.0,0.84852976,wesola_nowine
0,0.67617214,8.0,0.954596,-7.0,1.0606623,wesola_nowine
0,0.5701059,0.0,0.54358935,3.0,1.4053774,wesola_nowine
0,0.6629139,2.0,0.91482115,-5.0,1.3656026,wesola_nowine
0,0.45078146,0.0,1.3390859,-3.0,0.6231391,wesola_nowine
0,2.6383972,5.0,0.60988075,-2.0,0.715947,wesola_nowine
0,0.4640397,-1.0,3.1156952,0.0,1.1402118,wesola_nowine
0,0.42426488,2.0,0.42426488,8.0,0.42426488,wesola_nowine
0,0.7822384,0.0,1.007629,1.0,0.9413377,wesola_nowine
0,0.8352715,5.0,0.45078146,-12.0,2.0417747,wesola_nowine
0,0.43752316,7.0,0.76898015,1.0,0.42426488,wesola_nowine
0,0.98111254,0.0,0.43752316,-2.0,1.1402118,wesola_nowine
0,0.477298,-1.0,0.45078146,2.0,0.42426488,wesola_nowine
0,1.007629,3.0,0.42426488,-12.0,0.67617214,wesola_nowine
0,0.42426488,1.0,0.9015629,-7.0,1.100437,wesola_nowine
0,0.53033113,-6.0,0.42426488,-3.0,0.5038145,wesola_nowine
0,1.2727947,1.0,0.72920525,-3.0,1.0739205,wesola_nowine
0,1.0911815,-10.0,0.5390174,-12.0,5.482201,cicha_noc
0,0.5916044,0.0,2.7213805,0.0,0.63104475,cicha_noc
0,0.44699004,1.0,3.53648,-2.0,0.44699004,cicha_noc
0,0.48643032,0.0,1.3146765,0.0,0.4206965,cicha_noc
0,0.44699004,1.0,0.4206965,0.0,5.587375,cicha_noc
0,4.7065425,0.0,4.193818,2.0,1.6433457,cicha_noc
0,1.0780348,-3.0,0.4206965,4.0,0.4206965,cicha_noc
0,0.47328356,-1.0,0.70992535,-2.0,0.7756592,cicha_noc
0,0.4206965,0.0,0.4206965,0.0,1.6039054,cicha_noc
0,0.4206965,1.0,0.4206965,-1.0,0.4206965,cicha_noc
0,0.4206965,0.0,1.3015298,5.0,2.629353,cicha_noc
0,1.3278233,2.0,0.6441915,1.0,3.6153605,cicha_noc
0,1.1569153,-2.0,2.2875373,0.0,0.4206965,cicha_noc
0,0.4206965,1.0,0.43384326,-1.0,0.4206965,cicha_noc
0,0.63104475,0.0,0.63104475,10.0,2.2086565,cicha_noc
0,1.3284332,0.0,3.209136,3.0,1.0597613,aniol_pasterzom_mowil
0,1.0597613,-1.0,1.5523263,0.0,0.9254253,aniol_pasterzom_mowil
0,0.9254253,2.0,1.4030643,-3.0,0.47763884,aniol_pasterzom_mowil
0,0.47763884,1.0,0.47763884,0.0,1.044835,aniol_pasterzom_mowil
0,1.044835,0.0,0.47763884,-1.0,1.3135068,aniol_pasterzom_mowil
0,1.3135068,2.0,0.5074913,2.0,0.626901,aniol_pasterzom_mowil
0,0.626901,7.0,1.3135068,-5.0,0.47763884,aniol_pasterzom_mowil
0,0.47763884,0.0,0.5970486,2.0,1.1940972,aniol_pasterzom_mowil
0,1.1940972,0.0,0.6716796,1.0,0.47763884,aniol_pasterzom_mowil
0,0.47763884,-1.0,1.2239496,-2.0,0.47763884,aniol_pasterzom_mowil
0,0.47763884,0.0,0.97020394,0.0,0.7015321,aniol_pasterzom_mowil
0,0.7015321,0.0,1.8508506,-1.0,2.358342,aaniol_pasterzom_mowil
0,2.358342,-10.0,0.5074913,5.0,0.47763884,aaniol_pasterzom_mowil
0,0.47763884,4.0,0.47763884,2.0,1.5075476,aaniol_pasterzom_mowil
0,1.5075476,0.0,0.5074913,0.0,0.47763884,aaniol_pasterzom_mowil
0,0.47763884,2.0,2.7613497,-2.0,0.6119748,aaniol_pasterzom_mowil
0,0.6119748,-2.0,0.83586794,-4.0,0.5074913,aaniol_pasterzom_mowil
0,0.5074913,5.0,0.47763884,1.0,0.77616316,aaniol_pasterzom_mowil
0,0.77616316,0.0,1.5224738,0.0,0.7015321,aaniol_pasterzom_mowil
0,0.7015321,-2.0,0.5074913,0.0,0.80601555,aaniol_pasterzom_mowil
0,0.80601555,0.0,1.2836545,2.0,0.47763884,aaniol_pasterzom_mowil
0,0.47763884,-3.0,2.9404643,1.0,0.49256507,aaniol_pasterzom_mowil
0,0.49256507,-1.0,0.5074913,3.0,2.5374565,aaniol_pasterzom_mowil
0,2.5374565,0.0,3.686775,-2.0,1.4776952,aaniol_pasterzom_mowil
0,1.4776952,0.0,0.85079426,-1.0,1.3284332,aaniol_pasterzom_mowil
0,1.3284332,0.0,0.9104991,-1.0,0.47763884,aaniol_pasterzom_mowil
0,0.47763884,1.0,0.7313845,-2.0,1.0299088,aaniol_pasterzom_mowil
0,1.0299088,0.0,1.2388757,5.0,1.253802,aaniol_pasterzom_mowil
0,1.253802,1.0,0.53734374,-1.0,1.3284332,aaniol_pasterzom_mowil
0,1.3284332,0.0,0.6418272,0.0,1.0299088,aaniol_pasterzom_mowil
0,1.0299088,-3.0,2.1792274,1.0,0.47763884,aaniol_pasterzom_mowil
0,0.47763884,0.0,0.7164583,-1.0,2.492678,aaniol_pasterzom_mowil
0,2.492678,-2.0,0.5074913,0.0,0.82094175,aaniol_pasterzom_mowil
0,0.82094175,0.0,0.9552777,0.0,0.79108936,aaniol_pasterzom_mowil
0,0.79108936,0.0,0.47763884,0.0,0.98513013,aaniol_pasterzom_mowil
0,0.98513013,-2.0,2.015039,0.0,1.462769,aaniol_pasterzom_mowil
0,1.462769,19.0,1.2687283,-7.0,1.2985806,aaniol_pasterzom_mowil
0,1.2985806,7.0,1.5374001,-23.0,0.5074913,aaniol_pasterzom_mowil
0,0.5074913,4.0,0.8955729,12.0,0.56719613,aaniol_pasterzom_mowil
0,0.56719613,-12.0,0.47763884,0.0,1.2836545,aaniol_pasterzom_mowil
0,1.2836545,0.0,0.82094175,2.0,0.47763884,aaniol_pasterzom_mowil
0,0.47763884,0.0,1.0000564,0.0,0.9403515,aaniol_pasterzom_mowil
0,0.9403515,2.0,1.3732116,-1.0,0.97020394,aaniol_pasterzom_mowil
0,0.97020394,-1.0,0.5074913,0.0,0.47763884,aaniol_pasterzom_mowil
0,0.47763884,0.0,1.3135068,2.0,0.5074913,aaniol_pasterzom_mowil
0,1.4418856,2.0,0.70734006,15.0,1.4010775,cicha_noc
0,0.7753536,-7.0,0.6257239,9.0,0.65292937,cicha_noc
0,2.258047,-3.0,3.0061953,-17.0,0.4624916,cicha_noc
0,0.70734006,-21.0,0.4760943,21.0,2.7341416,cicha_noc
0,1.3330641,-17.0,1.2922559,0.0,0.6937374,cicha_noc
0,0.81616163,7.0,1.4962963,8.0,0.4624916,cicha_noc
0,0.55771047,-5.0,0.6257239,3.0,0.4624916,cicha_noc
0,0.4760943,8.0,1.6595287,7.0,1.6867341,cicha_noc
0,0.6121212,7.0,0.4352862,0.0,0.74814814,cicha_noc
0,0.4760943,3.0,1.509899,5.0,0.4624916,cicha_noc
0,0.4760943,-3.0,2.0268013,0.0,1.5507072,cicha_noc
0,0.4352862,1.0,0.4760943,4.0,0.7209428,cicha_noc
0,0.9113805,-1.0,1.373872,2.0,1.1290236,cicha_noc
0,0.4624916,12.0,0.8569697,-12.0,1.6595287,cicha_noc
0,2.1492257,0.0,1.3602694,1.0,0.4624916,cicha_noc
0,2.8157575,0.0,0.7209428,7.0,0.5985185,cicha_noc
0,0.97939396,1.0,0.4352862,-3.0,1.4554883,cicha_noc
0,0.7209428,-7.0,1.5371045,-1.0,0.74814814,cicha_noc
0,5.306531,0.0,0.52376145,-5.0,0.7167262,dzisiaj_w_betlejem
0,0.53754467,-9.0,0.60646063,-3.0,0.8132086,dzisiaj_w_betlejem
0,0.4686287,-6.0,0.4686287,10.0,0.4686287,dzisiaj_w_betlejem
0,1.1026558,-1.0,0.4686287,1.0,1.4334524,dzisiaj_w_betlejem
0,0.6478103,0.0,0.44106227,1.0,0.6202438,dzisiaj_w_betlejem
0,0.44106227,-1.0,0.56511104,-2.0,0.7167262,dzisiaj_w_betlejem
0,0.84077495,-3.0,0.702943,-2.0,1.0888726,dzisiaj_w_betlejem
0,2.315577,-2.0,0.6478103,0.0,0.56511104,dzisiaj_w_betlejem
0,0.4686287,5.0,1.3783196,-1.0,1.2267045,dzisiaj_w_betlejem
0,0.44106227,2.0,0.44106227,1.0,1.2267045,dzisiaj_w_betlejem
0,0.50997823,-2.0,1.3783196,-2.0,0.4686287,dzisiaj_w_betlejem
0,0.67537665,2.0,0.4824119,5.0,0.5926774,dzisiaj_w_betlejem
0,1.8607315,7.0,0.7305094,3.0,0.49619508,dzisiaj_w_betlejem
0,0.8274737,-12.0,1.3446448,-5.0,0.5861272,dzisiaj_w_betlejem
0,0.5688881,5.0,0.72403944,-12.0,1.0860592,dzisiaj_w_betlejem
0,4.7407346,0.0,0.5516491,0.0,0.9136688,dzisiaj_w_betlejem
0,0.77575654,0.0,1.1550153,0.0,1.3274057,dzisiaj_w_betlejem
0,0.63784426,-2.0,1.2412105,0.0,0.5688881,dzisiaj_w_betlejem
0,3.1719823,-1.0,0.5516491,1.0,1.7928597,dzisiaj_w_betlejem
0,0.63784426,2.0,0.5516491,0.0,0.86195177,dzisiaj_w_betlejem
0,0.5861272,-3.0,0.89642984,0.0,0.5516491,dzisiaj_w_betlejem
0,0.6723224,1.0,1.2239715,0.0,0.5516491,dzisiaj_w_betlejem
0,0.81023467,-2.0,0.72403944,3.0,0.5861272,dzisiaj_w_betlejem
0,0.81023467,3.0,0.5861272,-1.0,0.5516491,dzisiaj_w_betlejem
0,0.9136688,0.0,1.0688201,-1.0,0.5516491,dzisiaj_w_betlejem
0,0.62060523,0.0,1.3618838,0.0,0.60336626,dzisiaj_w_betlejem
0,0.86368644,0.0,0.78516954,-4.0,0.5339153,oj_maluski_maluski
0,1.0364237,9.0,0.84798306,-2.0,0.6595424,oj_maluski_maluski
0,0.50250846,0.0,1.3190848,0.0,1.6959661,oj_maluski_maluski
0,0.50250846,2.0,0.95790684,0.0,0.5339153,oj_maluski_maluski
0,1.2405679,-2.0,1.0050169,-2.0,1.366195,oj_maluski_maluski
0,0.50250846,-4.0,0.69094914,3.0,0.50250846,oj_maluski_maluski
0,0.56532204,3.0,1.366195,0.0,1.2719747,oj_maluski_maluski
0,0.5339153,1.0,0.67524576,-1.0,0.94220346,oj_maluski_maluski
0,3.093568,-1.0,1.0207204,-2.0,0.50250846,oj_maluski_maluski
0,0.61243224,0.0,1.413305,1.0,0.50250846,oj_maluski_maluski
0,0.50250846,3.0,1.3347882,-2.0,1.1934576,oj_maluski_maluski
0,1.287678,0.0,0.50250846,2.0,1.413305,oj_maluski_maluski
0,0.9107967,1.0,0.50250846,-2.0,4.0357714,oj_maluski_maluski
0,2.0326397,-12.0,1.0271317,2.0,0.3567931,w_zlobie_lezy
0,1.0811913,-8.0,1.621787,-9.0,1.362301,w_zlobie_lezy
0,0.9946959,-5.0,0.38922885,3.0,0.3459812,w_zlobie_lezy
0,1.2866176,0.0,0.36760506,1.0,0.38922885,w_zlobie_lezy
0,1.9569561,-1.0,1.6866585,-2.0,1.3839248,w_zlobie_lezy
0,3.9247243,0.0,0.36760506,6.0,0.3459812,w_zlobie_lezy
0,0.86495304,0.0,0.45410034,2.0,0.84332925,w_zlobie_lezy
0,2.0758874,-10.0,0.37841696,0.0,0.6703386,w_zlobie_lezy
0,1.1136271,2.0,1.4487964,1.0,1.2217462,w_zlobie_lezy
0,0.6054671,-8.0,0.42166463,8.0,0.3459812,w_zlobie_lezy
0,0.3567931,1.0,0.3459812,1.0,2.7029784,w_zlobie_lezy
0,0.3459812,0.0,0.9514483,0.0,1.0379437,w_zlobie_lezy
0,1.3839248,-2.0,3.9679723,12.0,3.3841286,w_zlobie_lezy
0,2.8543448,-2.0,0.6811505,7.0,0.9514483,w_zlobie_lezy
0,0.36760506,-1.0,0.88657683,-2.0,0.42166463,w_zlobie_lezy
0,1.3731129,-1.0,0.89738876,6.0,0.36760506,w_zlobie_lezy
0,2.9300284,-3.0,1.2974296,2.0,0.9514483,w_zlobie_lezy
0,0.3459812,-8.0,0.36760506,-1.0,0.44328842,w_zlobie_lezy
0,0.746022,-1.0,1.6325989,-2.0,1.2001224,w_zlobie_lezy
0,0.70277435,-12.0,0.54059565,1.0,0.5297837,w_zlobie_lezy
0,2.356997,-2.0,2.7029784,-1.0,1.0487555,w_zlobie_lezy
0,2.216442,0.0,0.80008155,12.0,1.5136678,w_zlobie_lezy
0,3.0705833,-3.0,0.36760506,1.0,0.45410034,w_zlobie_lezy
0,0.57999396,-28.0,1.2594154,0.0,0.9611329,przybiezeli_do_betlejem
0,0.5468514,2.0,1.4085567,2.0,0.8119916,przybiezeli_do_betlejem
0,0.712564,1.0,1.5245554,2.0,0.9777041,przybiezeli_do_betlejem
0,0.56342274,0.0,0.8285628,0.0,0.6959927,przybiezeli_do_betlejem
0,0.5302802,-8.0,1.6074117,2.0,1.0771316,przybiezeli_do_betlejem
0,0.66285026,-2.0,1.0274179,1.0,0.6131365,przybiezeli_do_betlejem
0,1.0771316,1.0,0.8285628,-1.0,0.7457065,przybiezeli_do_betlejem
0,0.5302802,1.0,0.5302802,-1.0,0.5302802,przybiezeli_do_betlejem
0,0.56342274,-2.0,0.7291352,-1.0,0.5302802,przybiezeli_do_betlejem
0,2.535402,-9.0,0.5302802,-1.0,2.0879781,przybiezeli_do_betlejem
0,2.0879781,0.0,1.0937028,4.0,0.99427533,przybiezeli_do_betlejem
0,0.712564,9.0,1.2594154,-13.0,1.0108466,przybiezeli_do_betlejem
0,1.0605603,1.0,0.6297077,0.0,1.0439891,przybiezeli_do_betlejem
0,1.1102742,-3.0,1.4085567,-1.0,1.0274179,przybiezeli_do_betlejem
0,0.5302802,-1.0,1.1931304,12.0,1.1765592,przybiezeli_do_betlejem
0,0.5965652,-1.0,2.1708345,-7.0,0.5302802,przybiezeli_do_betlejem
0,0.646279,12.0,0.8119916,-4.0,1.0274179,przybiezeli_do_betlejem
0,0.5302802,1.0,0.8617053,-4.0,0.57999396,przybiezeli_do_betlejem
0,0.56342274,-1.0,0.646279,-8.0,1.5742693,przybiezeli_do_betlejem
0,1.1268455,2.0,0.6297077,0.0,0.5302802,przybiezeli_do_betlejem
0,1.5411267,-1.0,0.5965652,-2.0,0.66285026,przybiezeli_do_betlejem
0,0.5468514,-1.0,0.6297077,0.0,3.5959625,przybiezeli_do_betlejem
0,1.6736968,5.0,1.9719794,-5.0,1.4748418,przybiezeli_do_betlejem
0,0.8971207,-1.0,1.0213374,-4.0,0.88331884,dnia_jednego_o_polnocy
0,2.4567306,0.0,1.8632507,1.0,1.1869597,dnia_jednego_o_polnocy
0,1.6562228,1.0,1.5872135,4.0,1.9736655,dnia_jednego_o_polnocy
0,1.4906006,4.0,0.5520743,-12.0,0.71769655,dnia_jednego_o_polnocy
0,0.7453003,1.0,0.88331884,-12.0,0.579678,dnia_jednego_o_polnocy
0,3.0088048,3.0,1.4353931,2.0,0.49686685,dnia_jednego_o_polnocy
0,1.2007616,0.0,0.46926317,-5.0,1.352582,dnia_jednego_o_polnocy
0,0.772904,0.0,0.5520743,1.0,0.483065,dnia_jednego_o_polnocy
0,0.52447057,-11.0,0.6348854,6.0,0.772904,dnia_jednego_o_polnocy
0,0.62108356,0.0,0.88331884,5.0,2.125486,dnia_jednego_o_polnocy
0,3.464266,5.0,1.062743,-1.0,0.676291,dnia_jednego_o_polnocy
0,2.1944952,-4.0,1.5596099,-3.0,1.1041486,dnia_jednego_o_polnocy
0,0.6486873,1.0,2.125486,-1.0,1.2697707,dnia_jednego_o_polnocy
0,0.97993183,0.0,1.1731578,1.0,0.6486873,dnia_jednego_o_polnocy
0,0.579678,-11.0,0.85571516,10.0,0.49686685,dnia_jednego_o_polnocy
0,0.92472446,3.0,1.8494489,-1.0,1.9184581,dnia_jednego_o_polnocy
0,1.7942414,-1.0,0.44165942,1.0,0.45546126,dnia_jednego_o_polnocy
0,0.8281114,0.0,1.0765449,14.0,0.49686685,dnia_jednego_o_polnocy
0,0.95232815,0.0,0.53827244,0.0,0.6486873,dnia_jednego_o_polnocy
0,1.5320061,6.0,0.8419133,0.0,0.70389473,dnia_jednego_o_polnocy
0,0.483065,0.0,0.88331884,1.0,0.44165942,dnia_jednego_o_polnocy
0,0.6486873,-12.0,0.772904,1.0,0.44165942,dnia_jednego_o_polnocy
0,1.8770527,2.0,0.52447057,0.0,0.5658761,dnia_jednego_o_polnocy
0,0.49686685,0.0,0.52447057,1.0,0.44165942,dnia_jednego_o_polnocy
0,0.45546126,0.0,1.1179504,0.0,0.5658761,dnia_jednego_o_polnocy
0,0.5106687,2.0,0.49686685,-1.0,0.88331884,dnia_jednego_o_polnocy
0,1.9046563,-8.0,0.46926317,0.0,0.8005077,dnia_jednego_o_polnocy
0,0.88331884,1.0,1.062743,0.0,3.4090586,dnia_jednego_o_polnocy
0,2.0840805,22.0,2.2497027,-7.0,0.46926317,dnia_jednego_o_polnocy
0,0.44165942,-1.0,1.4353931,-3.0,0.71769655,dnia_jednego_o_polnocy
0,1.1243397,1.0,1.4134556,0.0,0.9958437,dzisiaj_w_betlejem
0,0.7549138,-1.0,1.1082777,3.0,0.7870378,dzisiaj_w_betlejem
0,1.3170836,1.0,0.8191618,7.0,1.6061996,dzisiaj_w_betlejem
0,0.56216985,-1.0,2.8429732,-1.0,1.0440297,dzisiaj_w_betlejem
0,1.3492076,1.0,0.8994717,1.0,0.51398385,dzisiaj_w_betlejem
0,1.9595635,-1.0,1.0922158,-4.0,0.56216985,dzisiaj_w_betlejem
0,0.9155338,2.0,0.5782318,-7.0,1.7507576,dzisiaj_w_betlejem
0,1.1082777,2.0,0.51398385,-1.0,0.6906658,dzisiaj_w_betlejem
0,0.51398385,-2.0,0.51398385,-1.0,0.94765776,dzisiaj_w_betlejem
0,0.64247984,1.0,0.6746038,-1.0,2.8108494,dzisiaj_w_betlejem
0,0.51398385,-1.0,2.0719974,1.0,0.6103558,dzisiaj_w_betlejem
0,0.5782318,1.0,0.59429383,2.0,1.2367736,dzisiaj_w_betlejem
0,1.1404017,2.0,1.1725256,1.0,1.0279677,dzisiaj_w_betlejem
0,0.5300458,0.0,0.9958437,-2.0,0.9155338,dzisiaj_w_betlejem
0,0.51398385,-2.0,0.51398385,0.0,0.5461079,dzisiaj_w_betlejem
0,1.0129281,0.0,0.9963228,3.0,0.5977937,lec_koledo
0,0.6642152,-4.0,0.71403134,0.0,1.0129281,lec_koledo
0,0.56458294,-3.0,0.9963228,4.0,0.53137213,lec_koledo
0,0.97971743,-1.0,0.91329587,-1.0,0.53137213,lec_koledo
0,1.0295335,2.0,1.2786142,3.0,0.7970583,lec_koledo
0,0.96311206,0.0,1.178982,-9.0,1.7103542,lec_koledo
0,1.8598025,-1.0,1.5609058,-2.0,1.4280627,lec_koledo
0,0.5811883,2.0,0.5811883,0.0,0.6642152,lec_koledo
0,0.53137213,2.0,0.7804529,-7.0,0.6808206,lec_koledo
0,0.7638474,4.0,1.178982,1.0,0.6310044,lec_koledo
0,1.0129281,0.0,0.73063666,1.0,0.5977937,lec_koledo
0,0.91329587,0.0,1.8099865,4.0,0.8136636,lec_koledo
0,1.4114573,0.0,1.0295335,1.0,0.53137213,lec_koledo
0,0.94280994,-16.0,1.3670745,-1.0,1.1078018,ach_ubogi_zlobie
0,4.513703,2.0,0.4242645,5.0,1.2256529,ach_ubogi_zlobie
0,1.0842314,-1.0,1.5792067,1.0,1.2845786,ach_ubogi_zlobie
0,0.6010413,4.0,0.4478347,-12.0,0.5421157,ach_ubogi_zlobie
0,1.7913388,0.0,0.68353724,2.0,1.1902975,ach_ubogi_zlobie
0,3.1584134,0.0,0.3889091,-3.0,0.51854545,ach_ubogi_zlobie
0,0.40069425,3.0,0.5303306,6.0,0.37712398,ach_ubogi_zlobie
0,2.1213224,9.0,0.37712398,0.0,0.37712398,ach_ubogi_zlobie
0,0.37712398,-1.0,0.68353724,2.0,1.4613554,ach_ubogi_zlobie
0,1.4377851,0.0,1.6734877,0.0,0.69532233,ach_ubogi_zlobie
0,0.83674383,-2.0,0.40069425,2.0,0.6010413,ach_ubogi_zlobie
0,0.69532233,-1.0,1.0842314,1.0,1.0724463,ach_ubogi_zlobie
0,0.9781653,-1.0,1.4731406,-4.0,0.40069425,ach_ubogi_zlobie
0,1.4731406,2.0,1.3435042,-4.0,0.4831901,ach_ubogi_zlobie
0,1.5320661,1.0,1.8149091,0.0,0.5539009,ach_ubogi_zlobie
0,2.2156036,2.0,2.192033,-2.0,1.0842314,ach_ubogi_zlobie
0,0.4478347,8.0,0.37712398,1.0,1.7088431,ach_ubogi_zlobie
0,0.5539009,-1.0,0.61282647,1.0,1.2020826,ach_ubogi_zlobie
0,0.5892562,8.0,1.5438513,-10.0,2.6398678,ach_ubogi_zlobie
0,0.45961985,-13.0,0.62461156,0.0,1.1785125,ach_ubogi_zlobie
0,0.61282647,0.0,0.5774711,2.0,2.4395206,ach_ubogi_zlobie
0,3.240909,0.0,0.37712398,0.0,3.4766116,ach_ubogi_zlobie
0,1.8149091,-4.0,0.40069425,2.0,0.37712398,ach_ubogi_zlobie
0,1.5631942,0.0,0.9960175,4.0,0.44267446,w_zlobie_lezy
0,0.8991825,2.0,1.2588555,0.0,0.5810102,w_zlobie_lezy
0,0.5810102,1.0,0.44267446,1.0,0.77468026,w_zlobie_lezy
0,0.44267446,2.0,0.719346,-1.0,1.5216933,w_zlobie_lezy
0,0.53950953,1.0,0.85768175,2.0,1.0375183,w_zlobie_lezy
0,1.2865226,-2.0,0.98218393,-2.0,1.175854,w_zlobie_lezy
0,0.5810102,7.0,0.6225109,-14.0,1.1343533,w_zlobie_lezy
0,0.44267446,1.0,0.5810102,0.0,0.6916788,w_zlobie_lezy
0,0.44267446,1.0,0.44267446,-1.0,0.44267446,w_zlobie_lezy
0,0.87151533,1.0,0.74701315,-3.0,1.7015299,w_zlobie_lezy
0,0.9683504,0.0,0.9960175,2.0,1.2450218,w_zlobie_lezy
0,1.1620204,-2.0,1.0375183,-2.0,2.780549,w_zlobie_lezy
0,5.035422,-2.0,0.6363445,1.0,0.44267446,w_zlobie_lezy
0,0.53950953,7.0,0.44267446,-2.0,0.5810102,w_zlobie_lezy
0,1.2865226,-1.0,1.1205198,1.0,1.1205198,w_zlobie_lezy
0,1.0513518,-1.0,0.83001465,2.0,2.3102074,w_zlobie_lezy
0,0.47034162,2.0,0.6640117,-1.0,0.7608467,w_zlobie_lezy
0,0.5256759,-2.0,1.0375183,-1.0,0.9683504,w_zlobie_lezy
0,0.4841752,2.0,0.6225109,0.0,0.5118423,w_zlobie_lezy
0,0.65017813,-1.0,0.44267446,1.0,0.6225109,w_zlobie_lezy
0,2.08887,-1.0,1.1896876,-2.0,1.0928526,w_zlobie_lezy
0,4.537413,-3.0,1.0375183,0.0,0.9960175,w_zlobie_lezy
0,0.6363445,0.0,0.56717664,2.0,0.6778453,w_zlobie_lezy
0,2.2608373,-12.0,1.1263379,14.0,0.3754459,gdy_sliczna_panna
0,0.26934165,0.0,1.9017152,1.0,1.6976686,gdy_sliczna_panna
0,1.2814133,1.0,0.5468452,2.0,1.5997262,gdy_sliczna_panna
0,0.7345681,-2.0,0.26117977,-1.0,0.3591222,gdy_sliczna_panna
0,0.55500704,1.0,1.2324421,0.0,0.39176968,gdy_sliczna_panna
0,0.65294945,1.0,0.4897121,0.0,0.865158,gdy_sliczna_panna
0,0.3019891,2.0,0.26117977,1.0,0.56316894,gdy_sliczna_panna
0,0.31831285,0.0,0.83251053,10.0,0.5060358,gdy_sliczna_panna
0,0.32647473,1.0,0.5713308,0.0,0.3591222,gdy_sliczna_panna
0,0.39176968,1.0,0.26117977,1.0,1.4201651,gdy_sliczna_panna
0,0.27750352,-1.0,0.26117977,2.0,1.8282584,gdy_sliczna_panna
0,0.27750352,1.0,0.26117977,2.0,1.0283954,gdy_sliczna_panna
0,0.6366257,0.0,1.297737,14.0,0.36728406,gdy_sliczna_panna
0,0.26117977,2.0,0.26117977,1.0,0.6447876,gdy_sliczna_panna
0,0.3591222,3.0,1.0692047,0.0,0.62030196,gdy_sliczna_panna
0,0.39993155,2.0,0.5141977,0.0,0.6039782,gdy_sliczna_panna
0,1.1916327,0.0,0.47338837,-2.0,0.26117977,gdy_sliczna_panna
0,0.5305214,-2.0,1.8119347,-2.0,0.39176968,gdy_sliczna_panna
0,0.86192584,1.0,1.7238517,0.0,0.86192584,pojdzmy_wszyscy_do_stajenki
0,0.7141671,-4.0,0.8126729,2.0,0.9111787,pojdzmy_wszyscy_do_stajenki
0,0.64028776,-3.0,0.8865523,2.0,0.77573323,pojdzmy_wszyscy_do_stajenki
0,0.5048423,1.0,0.64028776,-1.0,0.5294687,pojdzmy_wszyscy_do_stajenki
0,0.39402324,-1.0,0.8372994,1.0,0.8742391,pojdzmy_wszyscy_do_stajenki
0,1.0096846,0.0,1.0096846,0.0,0.77573323,pojdzmy_wszyscy_do_stajenki
0,0.45558935,1.0,0.9481184,-1.0,0.76342005,pojdzmy_wszyscy_do_stajenki
0,0.80035967,2.0,0.92349195,3.0,0.44327614,pojdzmy_wszyscy_do_stajenki
0,1.1697564,2.0,0.5294687,0.0,0.39402324,pojdzmy_wszyscy_do_stajenki
0,0.39402324,0.0,1.14513,-1.0,0.49252906,pojdzmy_wszyscy_do_stajenki
0,0.39402324,-2.0,0.39402324,-3.0,0.70185393,pojdzmy_wszyscy_do_stajenki
0,0.8865523,-2.0,0.7880465,2.0,0.9850581,pojdzmy_wszyscy_do_stajenki
0,1.3667681,5.0,0.8372994,4.0,0.39402324,pojdzmy_wszyscy_do_stajenki
0,1.0219978,-4.0,0.46790257,0.0,0.6033481,pojdzmy_wszyscy_do_stajenki
0,1.6622856,2.0,0.40633646,0.0,1.0219978,pojdzmy_wszyscy_do_stajenki
0,0.9850581,9.0,0.4186497,1.0,1.5391533,pojdzmy_wszyscy_do_stajenki
0,0.4186497,1.0,0.39402324,4.0,0.39402324,pojdzmy_wszyscy_do_stajenki
0,0.9850581,-5.0,0.6033481,-1.0,0.45558935,pojdzmy_wszyscy_do_stajenki
0,0.4186497,2.0,1.7731045,-1.0,0.72648036,pojdzmy_wszyscy_do_stajenki
0,3.4107635,0.0,1.1081903,2.0,1.90855,pojdzmy_wszyscy_do_stajenki
0,0.8742391,-2.0,0.44327614,0.0,0.43096292,pojdzmy_wszyscy_do_stajenki
0,0.8372994,1.0,0.48021585,0.0,0.5048423,pojdzmy_wszyscy_do_stajenki
0,2.3148866,-3.0,0.4186497,1.0,1.3913946,pojdzmy_wszyscy_do_stajenki
0,1.576093,-1.0,0.4186497,1.0,0.5664084,pojdzmy_wszyscy_do_stajenki
0,1.1328168,2.0,0.54178196,0.0,0.39402324,pojdzmy_wszyscy_do_stajenki
0,1.3298284,2.0,0.92349195,0.0,0.7511068,pojdzmy_wszyscy_do_stajenki
0,0.46790257,1.0,0.7511068,0.0,1.1574433,pojdzmy_wszyscy_do_stajenki
0,0.64028776,-2.0,3.9648588,0.0,0.77573323,pojdzmy_wszyscy_do_stajenki
0,0.39402324,2.0,0.39402324,0.0,1.2805755,pojdzmy_wszyscy_do_stajenki
0,1.0096846,-2.0,0.4186497,-1.0,0.39402324,pojdzmy_wszyscy_do_stajenki
0,0.6725811,2.0,9.814702,-1.0,0.423477,cicha_noc
0,0.39856657,1.0,0.39856657,-2.0,0.44838738,cicha_noc
0,0.4359322,0.0,0.6725811,-1.0,0.75976753,cicha_noc
0,0.423477,-1.0,0.7846779,1.0,0.41102177,cicha_noc
0,0.39856657,1.0,0.4732978,-2.0,0.39856657,cicha_noc
0,0.39856657,1.0,0.5231186,2.0,0.39856657,cicha_noc
0,0.9590508,0.0,0.44838738,0.0,0.6227603,cicha_noc
0,0.8718644,1.0,0.6103051,-2.0,1.332707,cicha_noc
0,0.7224019,0.0,0.39856657,1.0,0.5729394,cicha_noc
0,2.1049297,2.0,0.9839612,-2.0,2.0800195,cicha_noc
0,1.9305569,0.0,0.6850363,-3.0,1.9181015,cicha_noc
0,0.39856657,0.0,0.6476707,0.0,0.6476707,cicha_noc
0,2.2793026,-4.0,0.6227603,0.0,0.4732978,cicha_noc
0,1.7188184,-3.0,0.77222276,2.0,0.423477,cicha_noc
0,0.77222276,-2.0,2.6280482,1.0,0.39856657,cicha_noc
